Shipment_ID,Origin_Region,Destination_Region,Shipment_Date,Expected_Delivery_Date,Actual_Delivery_Date,Shipment_Status,Carrier
SHP00001,East,Central,2026-04-02,2026-04-09,2026-04-08,Delivered,UPS
SHP00002,Central,West,2026-05-13,2026-05-19,2026-05-19,Delivered,UPS
SHP00003,North,South,2026-02-08,2026-02-15,,In Transit,FedEx
SHP00004,North,West,2026-04-15,2026-04-22,,In Transit,FedEx
SHP00005,North,South,2026-04-16,2026-04-20,2026-04-18,Delivered,DHL
SHP00006,East,East,2026-03-26,2026-04-01,2026-04-04,Delivered,UPS
SHP00007,South,South,2026-01-25,2026-01-31,2026-01-31,Delivered,FedEx
SHP00008,North,West,2026-05-19,2026-05-24,2026-05-24,Delivered,UPS
SHP00009,North,East,2026-06-06,2026-06-13,,Delayed,FedEx
SHP00010,East,West,2026-01-17,2026-01-21,,In Transit,FedEx
SHP00011,Central,North,2026-01-31,2026-02-05,2026-02-05,Delivered,DHL
SHP00012,East,North,2026-02-06,2026-02-12,,Delayed,FedEx
SHP00013,North,North,2026-01-16,2026-01-23,2026-01-23,Delivered,FedEx
SHP00014,West,South,2026-04-24,2026-04-29,2026-05-02,Delivered,FedEx
SHP00015,West,West,2026-05-26,2026-05-29,2026-05-30,Delivered,DHL
SHP00016,West,Central,2026-04-19,2026-04-25,,In Transit,UPS
SHP00017,Central,North,2026-06-03,2026-06-09,,Delayed,UPS
SHP00018,North,West,2026-05-29,2026-06-04,,In Transit,DHL
SHP00019,Central,South,2026-01-02,2026-01-08,2026-01-09,Delivered,UPS
SHP00020,North,West,2026-05-19,2026-05-27,2026-05-27,Delivered,DHL
SHP00021,North,Central,2026-04-06,2026-04-10,,Delayed,DHL
SHP00022,West,West,2026-03-17,2026-03-21,,In Transit,FedEx
SHP00023,North,West,2026-04-27,2026-05-05,2026-05-06,Delivered,UPS
SHP00024,South,Central,2026-05-22,2026-05-28,2026-05-26,Delivered,FedEx
SHP00025,South,Central,2026-03-27,2026-03-31,,Cancelled,UPS
SHP00026,East,Central,2026-01-18,2026-01-21,2026-01-20,Delivered,UPS
SHP00027,West,East,2026-04-09,2026-04-17,2026-04-19,Delivered,DHL
SHP00028,West,East,2026-06-23,2026-06-26,2026-06-29,Delivered,FedEx
SHP00029,West,South,2026-06-25,2026-07-01,2026-06-30,Delivered,DHL
SHP00030,West,North,2026-04-05,2026-04-10,2026-04-08,Delivered,DHL
SHP00031,Central,Central,2026-06-08,2026-06-14,,Delayed,DHL
SHP00032,West,Central,2026-06-20,2026-06-28,2026-06-28,Delivered,DHL
SHP00033,Central,East,2026-01-20,2026-01-26,2026-01-24,Delivered,FedEx
SHP00034,North,West,2026-06-30,2026-07-06,2026-07-04,Delivered,FedEx
SHP00035,East,South,2026-02-02,2026-02-06,2026-02-07,Delivered,DHL
SHP00036,East,West,2026-05-25,2026-05-29,2026-05-30,Delivered,DHL
SHP00037,South,Central,2026-04-01,2026-04-04,2026-04-05,Delivered,UPS
SHP00038,Central,West,2026-04-20,2026-04-28,,In Transit,UPS
SHP00039,East,North,2026-03-11,2026-03-16,,In Transit,UPS
SHP00040,South,West,2026-01-19,2026-01-25,2026-01-25,Delivered,FedEx
SHP00041,North,Central,2026-04-14,2026-04-19,2026-04-17,Delivered,DHL
SHP00042,West,West,2026-04-12,2026-04-18,2026-04-17,Delivered,DHL
SHP00043,South,Central,2026-05-09,2026-05-17,2026-05-17,Delivered,FedEx
SHP00044,South,West,2026-04-07,2026-04-11,,Delayed,DHL
SHP00045,East,North,2026-02-05,2026-02-09,2026-02-09,Delivered,UPS
SHP00046,East,North,2026-04-02,2026-04-09,2026-04-08,Delivered,FedEx
SHP00047,North,North,2026-04-25,2026-05-03,2026-05-06,Delivered,DHL
SHP00048,North,West,2026-06-09,2026-06-14,2026-06-12,Delivered,DHL
SHP00049,North,North,2026-02-18,2026-02-22,2026-02-24,Delivered,FedEx
,West,South,2026-03-26,2026-04-01,2026-04-03,Delivered,UPS
SHP00051,Central,West,2026-01-20,2026-01-27,,In Transit,DHL
SHP00052,East,North,2026-04-01,2026-04-04,,In Transit,DHL
SHP00053,West,East,2026-06-02,2026-06-05,,In Transit,UPS
SHP00054,Central,North,2026-01-24,2026-01-27,2026-01-26,Delivered,FedEx
SHP00055,Central,East,2026-01-15,2026-01-22,2026-01-21,Delivered,DHL
SHP00056,East,East,2026-03-21,2026-03-29,,In Transit,UPS
SHP00057,East,Central,2026-02-18,2026-02-25,2026-02-28,Delivered,FedEx
SHP00058,South,East,2026-06-08,2026-06-14,2026-06-13,Delivered,UPS
SHP00059,North,East,2026-05-13,2026-05-20,,In Transit,UPS
SHP00060,South,East,2026-03-07,2026-03-12,,In Transit,DHL
SHP00061,Central,South,2026-03-19,2026-03-26,2026-03-24,Delivered,UPS
SHP00062,Central,South,2026-06-15,2026-06-22,2026-06-21,Delivered,FedEx
SHP00063,East,Central,2026-05-15,2026-05-18,,Cancelled,FedEx
SHP00064,South,South,2026-06-15,2026-06-20,2026-06-23,Delivered,UPS
SHP00065,East,North,2026-02-03,2026-02-10,2026-02-13,Delivered,FedEx
SHP00066,East,South,2026-03-29,2026-04-03,2026-04-03,Delivered,UPS
SHP00067,West,North,2026-03-07,2026-03-13,2026-03-16,Delivered,FedEx
SHP00068,Central,North,2026-01-13,2026-01-16,2026-01-18,Delivered,UPS
SHP00069,West,West,2026-01-29,2026-02-04,2026-02-07,Delivered,UPS
SHP00070,East,Central,2026-02-06,2026-02-09,2026-02-09,Delivered,DHL
SHP00071,North,North,2026-02-04,2026-02-09,,Cancelled,FedEx
SHP00072,Central,West,2026-03-07,2026-03-10,2026-03-13,Delivered,DHL
SHP00073,East,South,2026-06-25,2026-06-28,,Cancelled,UPS
SHP00074,Central,North,2026-04-08,2026-04-15,,In Transit,DHL
SHP00075,Central,West,2026-02-20,2026-02-28,2026-02-26,Delivered,DHL
SHP00076,Central,South,2026-01-27,2026-02-04,,Delayed,UPS
SHP00077,North,Central,2026-06-23,2026-06-30,2026-06-29,Delivered,DHL
SHP00078,Central,South,2026-06-05,2026-06-13,2026-06-16,Delivered,DHL
SHP00079,Central,South,2026-03-23,2026-03-28,2026-03-31,Delivered,DHL
SHP00080,North,West,2026-05-28,2026-06-02,2026-06-02,Delivered,FedEx
SHP00081,West,East,2026-02-04,2026-02-12,2026-02-12,Delivered,DHL
SHP00082,South,Central,2026-01-27,2026-02-02,2026-02-02,Delivered,UPS
SHP00083,West,East,2026-04-14,2026-04-17,2026-04-15,Delivered,UPS
SHP00084,North,East,2026-01-30,2026-02-03,,Cancelled,FedEx
SHP00085,Central,Central,2026-05-22,2026-05-25,2026-05-26,Delivered,DHL
SHP00086,North,West,2026-03-12,2026-03-17,2026-03-16,Delivered,UPS
SHP00087,North,East,2026-04-21,2026-04-24,2026-04-26,Delivered,FedEx
SHP00088,East,South,2026-02-07,2026-02-15,2026-02-13,Delivered,UPS
SHP00089,North,West,2026-04-22,2026-04-26,2026-04-25,Delivered,FedEx
SHP00090,South,North,2026-06-13,2026-06-21,2026-06-23,Delivered,FedEx
SHP00091,South,East,2026-01-07,2026-01-14,,Cancelled,FedEx
SHP00092,Central,North,2026-03-18,2026-03-26,2026-03-28,Delivered,DHL
SHP00093,North,North,2026-01-20,2026-01-23,,Cancelled,UPS
SHP00094,East,North,2026-05-27,2026-06-03,2026-06-01,Delivered,UPS
SHP00095,East,North,2026-02-10,2026-02-18,2026-02-18,Delivered,UPS
SHP00096,South,North,2026-04-09,2026-04-13,2026-04-16,Delivered,DHL
SHP00097,Central,East,2026-01-31,2026-02-06,2026-02-04,Delivered,UPS
SHP00098,West,West,2026-02-11,2026-02-17,2026-02-16,Delivered,UPS
SHP00099,South,Central,2026-02-18,2026-02-21,,Delayed,FedEx
SHP00099,East,East,2026-04-21,2026-04-28,,Delayed,DHL
SHP00101,South,South,2026-03-24,2026-03-30,2026-03-29,Delivered,FedEx
SHP00102,Central,South,2026-02-04,2026-02-09,,In Transit,FedEx
SHP00103,South,Central,2026-03-13,2026-03-18,2026-03-20,Delivered,FedEx
SHP00104,East,Central,2026-04-12,2026-04-16,2026-04-16,Delivered,FedEx
SHP00105,North,West,2026-02-15,2026-02-22,2026-02-24,Delivered,UPS
SHP00106,West,South,2026-05-14,2026-05-18,2026-05-18,Delivered,DHL
SHP00107,South,Central,2026-01-22,2026-01-27,2026-01-30,Delivered,UPS
SHP00108,West,West,2026-05-08,2026-05-14,,Delayed,DHL
SHP00109,Central,East,2026-05-05,2026-05-12,2026-05-10,Delivered,UPS
SHP00110,East,West,2026-03-27,2026-04-03,,In Transit,UPS
SHP00111,North,West,2026-01-08,2026-01-13,2026-01-12,Delivered,UPS
SHP00112,South,North,2026-04-29,2026-05-07,2026-05-08,Delivered,DHL
SHP00113,North,North,2026-04-03,2026-04-09,2026-04-10,Delivered,FedEx
SHP00114,North,South,2026-02-27,2026-03-06,2026-03-08,Delivered,UPS
SHP00115,South,South,2026-04-27,2026-04-30,,Cancelled,DHL
SHP00116,North,North,2026-05-14,2026-05-20,2026-05-20,Delivered,UPS
SHP00117,North,Central,2026-01-08,2026-01-12,2026-01-14,Delivered,UPS
SHP00118,South,Central,2026-01-02,2026-01-05,2026-01-04,Delivered,UPS
SHP00119,West,North,2026-04-27,2026-05-02,2026-05-03,Delivered,DHL
SHP00120,West,Central,2026-04-07,2026-04-11,2026-04-12,Delivered,DHL
SHP00121,Central,North,2026-04-27,2026-04-30,2026-04-29,Delivered,FedEx
SHP00122,South,East,2026-02-07,2026-02-15,2026-02-16,Delivered,UPS
SHP00123,South,East,2026-02-28,2026-03-07,,In Transit,DHL
SHP00124,Central,South,2026-01-29,2026-02-02,2026-02-01,Delivered,UPS
SHP00125,East,North,2026-04-01,2026-04-09,2026-04-07,Delivered,DHL
SHP00126,South,East,2026-05-19,2026-05-22,2026-05-25,Delivered,FedEx
SHP00127,North,East,2026-04-20,2026-04-24,2026-04-27,Delivered,DHL
SHP00128,Central,South,2026-03-22,2026-03-27,,Delayed,DHL
SHP00129,South,South,2026-03-31,2026-04-04,2026-04-04,Delivered,FedEx
SHP00130,Central,North,2026-05-10,2026-05-18,,Delayed,FedEx
SHP00131,South,North,2026-01-19,2026-01-26,2026-01-26,Delivered,DHL
SHP00132,North,Central,2026-05-14,2026-05-18,2026-05-16,Delivered,UPS
SHP00133,North,West,2026-01-22,2026-01-25,2026-01-27,Delivered,UPS
SHP00134,West,North,2026-01-03,2026-01-10,,Delayed,UPS
SHP00135,East,South,2026-05-31,2026-06-06,2026-06-05,Delivered,DHL
SHP00136,South,North,2026-06-02,2026-06-08,,In Transit,UPS
SHP00137,South,West,2026-04-10,2026-04-17,2026-04-20,Delivered,DHL
SHP00138,West,North,2026-05-27,2026-05-30,,In Transit,DHL
SHP00139,South,North,2026-06-27,2026-07-04,,In Transit,UPS
SHP00140,North,Central,2026-03-16,2026-03-21,2026-03-22,Delivered,FedEx
SHP00141,North,East,2026-01-26,2026-02-02,2026-02-05,Delivered,DHL
SHP00142,South,North,2026-05-31,2026-06-07,,In Transit,UPS
SHP00143,West,Central,2026-06-01,2026-06-08,,In Transit,DHL
SHP00144,West,West,2026-03-14,2026-03-21,2026-03-20,Delivered,DHL
SHP00145,North,Central,2026-03-23,2026-03-31,,In Transit,DHL
SHP00146,East,East,2026-05-03,2026-05-10,2026-05-11,Delivered,FedEx
SHP00147,East,Central,2026-06-15,2026-06-21,,In Transit,DHL
SHP00148,North,East,2026-01-01,2026-01-06,,Delayed,UPS
SHP00149,East,Central,2026-06-07,2026-06-15,,In Transit,DHL
SHP00150,Central,West,invalid-date,2026-01-10,2026-01-12,Delivered,FedEx
SHP00151,West,East,2026-02-07,2026-02-10,2026-02-10,Delivered,DHL
SHP00152,Central,East,2026-02-12,2026-02-16,2026-02-17,Delivered,DHL
SHP00153,West,Central,2026-04-24,2026-05-01,2026-05-01,Delivered,FedEx
SHP00154,South,South,2026-02-16,2026-02-19,2026-02-22,Delivered,FedEx
SHP00155,South,South,2026-02-22,2026-03-02,,In Transit,DHL
SHP00156,Central,South,2026-02-26,2026-03-01,,Delayed,UPS
SHP00157,South,Central,2026-02-13,2026-02-21,2026-02-23,Delivered,FedEx
SHP00158,South,East,2026-01-05,2026-01-09,2026-01-09,Delivered,DHL
SHP00159,North,Central,2026-02-21,2026-02-24,2026-02-24,Delivered,UPS
SHP00160,North,North,2026-03-23,2026-03-30,2026-03-30,Delivered,UPS
SHP00161,Central,South,2026-06-24,2026-06-30,2026-06-29,Delivered,UPS
SHP00162,West,Central,2026-03-28,2026-04-04,2026-04-04,Delivered,DHL
SHP00163,North,Central,2026-02-12,2026-02-19,2026-02-21,Delivered,DHL
SHP00164,North,North,2026-02-14,2026-02-17,2026-02-20,Delivered,UPS
SHP00165,West,West,2026-02-26,2026-03-04,2026-03-03,Delivered,DHL
SHP00166,West,West,2026-04-19,2026-04-26,2026-04-26,Delivered,FedEx
SHP00167,Central,North,2026-06-01,2026-06-07,2026-06-05,Delivered,FedEx
SHP00168,West,South,2026-01-22,2026-01-29,,Delayed,DHL
SHP00169,Central,North,2026-02-06,2026-02-09,,Cancelled,DHL
SHP00170,South,West,2026-02-07,2026-02-14,2026-02-14,Delivered,FedEx
SHP00171,West,West,2026-05-09,2026-05-15,2026-05-13,Delivered,DHL
SHP00172,North,North,2026-02-15,2026-02-22,2026-02-20,Delivered,UPS
SHP00173,South,West,2026-04-09,2026-04-14,2026-04-16,Delivered,DHL
SHP00174,South,West,2026-04-13,2026-04-19,,Delayed,FedEx
SHP00175,East,Central,2026-04-28,2026-05-01,2026-05-01,Delivered,DHL
SHP00176,East,South,2026-06-20,2026-06-27,2026-06-27,Delivered,FedEx
SHP00177,West,Central,2026-05-06,2026-05-11,2026-05-10,Delivered,FedEx
SHP00178,South,West,2026-03-10,2026-03-16,2026-03-14,Delivered,UPS
SHP00179,North,East,2026-06-06,2026-06-10,2026-06-11,Delivered,UPS
SHP00180,West,Central,2026-02-03,2026-02-08,,Delayed,UPS
SHP00181,East,West,2026-04-04,2026-04-08,2026-04-11,Delivered,FedEx
SHP00182,North,West,2026-02-14,2026-02-20,,In Transit,DHL
SHP00183,Central,West,2026-05-29,2026-06-04,2026-06-07,Delivered,DHL
SHP00184,North,South,2026-04-28,2026-05-01,2026-04-30,Delivered,DHL
SHP00185,West,South,2026-06-08,2026-06-15,2026-06-18,Delivered,UPS
SHP00186,South,East,2026-03-31,2026-04-05,2026-04-08,Delivered,DHL
SHP00187,East,West,2026-05-03,2026-05-06,2026-05-04,Delivered,UPS
SHP00188,West,Central,2026-06-26,2026-07-01,2026-06-29,Delivered,DHL
SHP00189,Central,North,2026-05-03,2026-05-06,,In Transit,FedEx
SHP00190,East,South,2026-05-14,2026-05-18,,In Transit,UPS
SHP00191,South,South,2026-01-12,2026-01-20,2026-01-21,Delivered,FedEx
SHP00192,West,Central,2026-05-24,2026-05-31,,Delayed,FedEx
SHP00193,East,Central,2026-01-13,2026-01-19,2026-01-18,Delivered,FedEx
SHP00194,Central,South,2026-02-15,2026-02-22,,Cancelled,FedEx
SHP00195,West,South,2026-01-19,2026-01-27,2026-01-26,Delivered,FedEx
SHP00196,North,North,2026-03-01,2026-03-07,2026-03-05,Delivered,DHL
SHP00197,East,South,2026-01-02,2026-01-07,,In Transit,FedEx
SHP00198,East,West,2026-03-22,2026-03-26,2026-03-28,Delivered,DHL
SHP00199,West,North,2026-02-08,2026-02-12,2026-02-11,Delivered,DHL
SHP00200,West,Central,2026-01-08,2026-01-15,2026-01-13,Completed,FedEx
SHP00201,West,East,2026-04-23,2026-04-30,,Delayed,UPS
SHP00202,South,South,2026-05-09,2026-05-16,2026-05-17,Delivered,FedEx
SHP00203,East,South,2026-05-14,2026-05-18,2026-05-18,Delivered,DHL
SHP00204,West,East,2026-01-01,2026-01-05,2026-01-03,Delivered,FedEx
SHP00205,West,East,2026-03-18,2026-03-25,2026-03-28,Delivered,FedEx
SHP00206,North,North,2026-01-17,2026-01-21,2026-01-23,Delivered,DHL
SHP00207,South,North,2026-02-18,2026-02-22,2026-02-21,Delivered,FedEx
SHP00208,South,East,2026-03-06,2026-03-14,2026-03-14,Delivered,FedEx
SHP00209,East,South,2026-06-13,2026-06-18,,Cancelled,DHL
SHP00210,East,Central,2026-04-03,2026-04-07,2026-04-10,Delivered,UPS
SHP00211,East,North,2026-04-26,2026-05-03,,Delayed,DHL
SHP00212,North,South,2026-01-07,2026-01-12,2026-01-13,Delivered,DHL
SHP00213,West,North,2026-06-15,2026-06-21,2026-06-24,Delivered,UPS
SHP00214,Central,East,2026-04-15,2026-04-18,2026-04-17,Delivered,UPS
SHP00215,South,North,2026-02-28,2026-03-04,,In Transit,UPS
SHP00216,Central,South,2026-05-18,2026-05-24,2026-05-24,Delivered,UPS
SHP00217,South,North,2026-01-14,2026-01-21,2026-01-21,Delivered,DHL
SHP00218,West,Central,2026-05-08,2026-05-13,2026-05-12,Delivered,FedEx
SHP00219,Central,Central,2026-04-11,2026-04-14,2026-04-16,Delivered,FedEx
SHP00220,North,Central,2026-05-31,2026-06-05,2026-06-07,Delivered,FedEx
SHP00221,West,East,2026-02-12,2026-02-16,2026-02-19,Delivered,FedEx
SHP00222,North,West,2026-05-19,2026-05-26,2026-05-28,Delivered,UPS
SHP00223,South,North,2026-03-01,2026-03-05,2026-03-08,Delivered,FedEx
SHP00224,Central,North,2026-05-04,2026-05-12,2026-05-14,Delivered,DHL
SHP00225,Central,West,2026-05-05,2026-05-10,,Delayed,DHL
SHP00226,West,East,2026-03-24,2026-04-01,,Delayed,DHL
SHP00227,South,North,2026-05-13,2026-05-21,2026-05-21,Delivered,FedEx
SHP00228,North,West,2026-03-11,2026-03-19,2026-03-21,Delivered,DHL
SHP00229,North,South,2026-01-01,2026-01-06,,Delayed,FedEx
SHP00230,South,South,2026-06-29,2026-07-07,,Delayed,UPS
SHP00231,West,East,2026-05-10,2026-05-16,2026-05-18,Delivered,UPS
SHP00232,South,North,2026-02-16,2026-02-24,2026-02-22,Delivered,UPS
SHP00233,North,North,2026-05-14,2026-05-19,2026-05-22,Delivered,UPS
SHP00234,North,East,2026-04-07,2026-04-14,,Cancelled,UPS
SHP00235,South,West,2026-03-30,2026-04-07,,Delayed,DHL
SHP00236,South,East,2026-02-10,2026-02-17,2026-02-18,Delivered,DHL
SHP00237,South,East,2026-06-01,2026-06-08,2026-06-08,Delivered,DHL
SHP00238,East,South,2026-04-26,2026-05-01,2026-04-29,Delivered,FedEx
SHP00239,North,Central,2026-06-28,2026-07-05,2026-07-04,Delivered,DHL
SHP00240,North,East,2026-06-16,2026-06-22,2026-06-25,Delivered,UPS
SHP00241,East,East,2026-02-01,2026-02-07,2026-02-10,Delivered,FedEx
SHP00242,South,East,2026-02-12,2026-02-17,2026-02-20,Delivered,FedEx
SHP00243,East,West,2026-05-25,2026-06-02,2026-06-01,Delivered,UPS
SHP00244,West,North,2026-04-01,2026-04-07,,In Transit,DHL
SHP00245,South,Central,2026-04-29,2026-05-05,,Delayed,UPS
SHP00246,South,South,2026-05-10,2026-05-16,2026-05-16,Delivered,FedEx
SHP00247,East,West,2026-06-16,2026-06-23,,In Transit,FedEx
SHP00248,West,East,2026-05-26,2026-06-02,2026-06-05,Delivered,FedEx
SHP00249,West,Central,2026-02-28,2026-03-03,,In Transit,FedEx
SHP00250,,East,2026-03-26,2026-03-30,,Delayed,DHL
SHP00251,West,West,2026-04-15,2026-04-19,2026-04-17,Delivered,DHL
SHP00252,West,East,2026-04-13,2026-04-18,2026-04-16,Delivered,UPS
SHP00253,Central,North,2026-03-11,2026-03-18,,Delayed,DHL
SHP00254,North,North,2026-03-22,2026-03-28,,Cancelled,UPS
SHP00255,East,Central,2026-02-16,2026-02-22,2026-02-22,Delivered,UPS
SHP00256,West,Central,2026-03-10,2026-03-16,2026-03-16,Delivered,FedEx
SHP00257,East,Central,2026-02-08,2026-02-12,2026-02-15,Delivered,DHL
SHP00258,South,Central,2026-06-17,2026-06-20,2026-06-21,Delivered,UPS
SHP00259,North,East,2026-04-20,2026-04-27,2026-04-30,Delivered,DHL
SHP00260,North,Central,2026-04-02,2026-04-07,2026-04-06,Delivered,FedEx
SHP00261,South,East,2026-04-17,2026-04-21,2026-04-24,Delivered,DHL
SHP00262,South,North,2026-03-19,2026-03-26,2026-03-24,Delivered,FedEx
SHP00263,Central,South,2026-06-21,2026-06-27,2026-06-25,Delivered,FedEx
SHP00264,Central,West,2026-06-09,2026-06-14,2026-06-13,Delivered,DHL
SHP00265,North,West,2026-04-12,2026-04-17,,Delayed,UPS
SHP00266,South,East,2026-01-23,2026-01-29,,Cancelled,UPS
SHP00267,West,East,2026-01-15,2026-01-23,,Delayed,UPS
SHP00268,South,South,2026-04-30,2026-05-03,2026-05-02,Delivered,DHL
SHP00269,South,North,2026-02-08,2026-02-13,,In Transit,UPS
SHP00270,East,Central,2026-01-04,2026-01-08,2026-01-06,Delivered,FedEx
SHP00271,Central,East,2026-01-12,2026-01-17,2026-01-16,Delivered,FedEx
SHP00272,Central,Central,2026-04-29,2026-05-02,,In Transit,DHL
SHP00273,Central,Central,2026-01-28,2026-02-05,2026-02-06,Delivered,UPS
SHP00274,West,East,2026-06-02,2026-06-08,2026-06-10,Delivered,FedEx
SHP00275,West,South,2026-05-29,2026-06-02,2026-06-01,Delivered,FedEx
SHP00276,East,East,2026-06-22,2026-06-29,2026-07-01,Delivered,FedEx
SHP00277,East,Central,2026-02-26,2026-03-04,2026-03-05,Delivered,DHL
SHP00278,Central,South,2026-05-18,2026-05-24,2026-05-26,Delivered,DHL
SHP00279,North,Central,2026-02-04,2026-02-09,2026-02-11,Delivered,UPS
SHP00280,South,South,2026-05-04,2026-05-11,,Delayed,FedEx
SHP00281,Central,Central,2026-01-26,2026-01-31,,Delayed,FedEx
SHP00282,West,North,2026-04-10,2026-04-18,,In Transit,FedEx
SHP00283,East,South,2026-02-21,2026-02-25,2026-02-26,Delivered,DHL
SHP00284,West,West,2026-02-12,2026-02-18,2026-02-17,Delivered,UPS
SHP00285,East,North,2026-03-20,2026-03-28,2026-03-31,Delivered,FedEx
SHP00286,West,Central,2026-06-11,2026-06-14,,Delayed,FedEx
SHP00287,South,West,2026-03-27,2026-03-31,,Delayed,DHL
SHP00288,South,West,2026-05-11,2026-05-18,2026-05-20,Delivered,DHL
SHP00289,East,North,2026-06-23,2026-06-28,2026-06-26,Delivered,UPS
SHP00290,Central,Central,2026-03-13,2026-03-16,2026-03-18,Delivered,UPS
SHP00291,East,North,2026-03-31,2026-04-03,,Cancelled,DHL
SHP00292,North,East,2026-02-11,2026-02-18,2026-02-20,Delivered,DHL
SHP00293,North,West,2026-06-24,2026-07-01,,Delayed,UPS
SHP00294,Central,North,2026-01-18,2026-01-25,2026-01-25,Delivered,DHL
SHP00295,East,East,2026-06-22,2026-06-30,2026-06-28,Delivered,DHL
SHP00296,Central,North,2026-02-07,2026-02-11,,Cancelled,FedEx
SHP00297,West,South,2026-03-15,2026-03-23,,Cancelled,UPS
SHP00298,North,Central,2026-03-29,2026-04-03,2026-04-06,Delivered,UPS
SHP00299,South,North,2026-03-03,2026-03-11,2026-03-09,Delivered,UPS
SHP00300,Central,North,2026-05-06,2026-05-11,2026-05-13,Delivered,UPS
SHP00301,South,West,2026-06-22,2026-06-29,,In Transit,UPS
SHP00302,North,South,2026-02-24,2026-02-28,2026-02-26,Delivered,DHL
SHP00303,Central,Central,2026-05-01,2026-05-08,2026-05-11,Delivered,FedEx
SHP00304,West,South,2026-03-03,2026-03-07,2026-03-07,Delivered,UPS
SHP00305,Central,South,2026-02-10,2026-02-14,2026-02-17,Delivered,UPS
SHP00306,Central,North,2026-01-04,2026-01-07,,In Transit,FedEx
SHP00307,Central,North,2026-06-27,2026-07-05,2026-07-04,Delivered,DHL
SHP00308,North,West,2026-02-23,2026-03-01,,In Transit,FedEx
SHP00309,South,West,2026-03-07,2026-03-13,2026-03-12,Delivered,UPS
SHP00310,Central,Central,2026-04-24,2026-04-29,2026-04-29,Delivered,FedEx
SHP00311,South,East,2026-02-17,2026-02-25,2026-02-26,Delivered,DHL
SHP00312,East,Central,2026-06-03,2026-06-11,,Delayed,DHL
SHP00313,North,North,2026-06-16,2026-06-22,2026-06-24,Delivered,UPS
SHP00314,West,North,2026-02-25,2026-03-05,2026-03-06,Delivered,DHL
SHP00315,South,West,2026-01-05,2026-01-12,2026-01-14,Delivered,UPS
SHP00316,West,West,2026-06-11,2026-06-14,2026-06-14,Delivered,FedEx
SHP00317,West,West,2026-06-03,2026-06-11,2026-06-10,Delivered,FedEx
SHP00318,Central,South,2026-06-16,2026-06-20,,In Transit,FedEx
SHP00319,East,East,2026-01-28,2026-02-02,,In Transit,UPS
SHP00320,Central,East,2026-04-02,2026-04-05,,Delayed,UPS
SHP00321,East,East,2026-02-12,2026-02-15,,In Transit,UPS
SHP00322,Central,East,2026-05-29,2026-06-06,,Cancelled,FedEx
SHP00323,West,South,2026-06-10,2026-06-17,2026-06-15,Delivered,FedEx
SHP00324,Central,Central,2026-04-28,2026-05-05,2026-05-04,Delivered,DHL
SHP00325,South,Central,2026-05-10,2026-05-18,2026-05-16,Delivered,FedEx
SHP00326,East,South,2026-06-18,2026-06-21,2026-06-19,Delivered,FedEx
SHP00327,North,East,2026-02-25,2026-02-28,,Delayed,DHL
SHP00328,South,Central,2026-01-19,2026-01-24,2026-01-22,Delivered,UPS
SHP00329,West,North,2026-01-08,2026-01-14,2026-01-14,Delivered,UPS
SHP00330,North,North,2026-06-29,2026-07-03,2026-07-03,Delivered,UPS
SHP00331,South,South,2026-02-01,2026-02-09,2026-02-10,Delivered,DHL
SHP00332,Central,West,2026-01-11,2026-01-15,,Delayed,UPS
SHP00333,North,South,2026-01-04,2026-01-11,2026-01-13,Delivered,FedEx
SHP00334,South,West,2026-05-15,2026-05-22,2026-05-23,Delivered,FedEx
SHP00335,South,South,2026-01-20,2026-01-23,2026-01-24,Delivered,UPS
SHP00336,North,South,2026-05-17,2026-05-24,,Cancelled,UPS
SHP00337,North,North,2026-06-23,2026-06-28,2026-06-28,Delivered,UPS
SHP00338,North,South,2026-04-28,2026-05-01,2026-05-01,Delivered,UPS
SHP00339,West,South,2026-02-10,2026-02-17,,Cancelled,UPS
SHP00340,North,West,2026-04-17,2026-04-22,2026-04-21,Delivered,DHL
SHP00341,East,West,2026-05-06,2026-05-14,,Cancelled,UPS
SHP00342,South,East,2026-02-14,2026-02-19,2026-02-20,Delivered,UPS
SHP00343,Central,East,2026-04-25,2026-05-02,2026-05-05,Delivered,FedEx
SHP00344,North,South,2026-01-25,2026-01-28,,Cancelled,DHL
SHP00345,West,South,2026-03-09,2026-03-14,2026-03-17,Delivered,UPS
SHP00346,West,South,2026-05-28,2026-06-01,2026-06-04,Delivered,DHL
SHP00347,North,Central,2026-02-21,2026-02-26,2026-02-26,Delivered,UPS
SHP00348,South,West,2026-03-23,2026-03-29,,In Transit,FedEx
SHP00349,West,West,2026-04-06,2026-04-09,2026-04-09,Delivered,FedEx
SHP00350,South,East,2026-04-04,2026-04-08,,In Transit,UPS
SHP00351,West,West,2026-03-18,2026-03-21,2026-03-24,Delivered,FedEx
SHP00352,East,South,2026-06-22,2026-06-30,2026-06-30,Delivered,UPS
SHP00353,North,North,2026-04-12,2026-04-17,,Delayed,DHL
SHP00354,West,South,2026-02-13,2026-02-16,2026-02-18,Delivered,FedEx
SHP00355,East,East,2026-04-19,2026-04-27,2026-04-25,Delivered,UPS
SHP00356,Central,West,2026-03-01,2026-03-09,2026-03-11,Delivered,DHL
SHP00357,West,North,2026-06-15,2026-06-22,2026-06-24,Delivered,DHL
SHP00358,South,Central,2026-06-01,2026-06-07,2026-06-07,Delivered,FedEx
SHP00359,East,South,2026-04-14,2026-04-22,2026-04-21,Delivered,UPS
SHP00360,East,East,2026-03-13,2026-03-19,2026-03-17,Delivered,FedEx
SHP00361,South,Central,2026-02-19,2026-02-23,,Delayed,DHL
SHP00362,West,South,2026-04-30,2026-05-07,,Delayed,UPS
SHP00363,West,West,2026-02-09,2026-02-12,2026-02-10,Delivered,DHL
SHP00364,West,East,2026-03-17,2026-03-20,2026-03-18,Delivered,UPS
SHP00365,North,Central,2026-06-30,2026-07-07,2026-07-10,Delivered,DHL
SHP00366,South,East,2026-03-25,2026-03-31,2026-03-30,Delivered,FedEx
SHP00367,Central,North,2026-03-02,2026-03-09,2026-03-11,Delivered,UPS
SHP00368,East,South,2026-04-12,2026-04-19,,Delayed,DHL
SHP00369,North,East,2026-04-04,2026-04-10,2026-04-08,Delivered,UPS
SHP00370,Central,South,2026-03-28,2026-04-01,2026-04-01,Delivered,FedEx
SHP00371,South,South,2026-03-14,2026-03-17,2026-03-17,Delivered,FedEx
SHP00372,North,South,2026-04-06,2026-04-13,2026-04-13,Delivered,DHL
SHP00373,North,South,2026-05-13,2026-05-20,,Delayed,FedEx
SHP00374,East,East,2026-06-26,2026-07-03,2026-07-02,Delivered,UPS
SHP00375,West,Central,2026-01-03,2026-01-09,2026-01-09,Delivered,DHL
SHP00376,North,Central,2026-06-19,2026-06-23,,Delayed,UPS
SHP00377,North,West,2026-06-04,2026-06-11,,Delayed,FedEx
SHP00378,South,South,2026-05-26,2026-05-30,,Cancelled,DHL
SHP00379,West,East,2026-06-01,2026-06-05,2026-06-06,Delivered,UPS
SHP00380,East,East,2026-01-04,2026-01-07,2026-01-05,Delivered,UPS
SHP00381,West,North,2026-06-23,2026-06-28,2026-06-27,Delivered,DHL
SHP00382,South,Central,2026-05-02,2026-05-09,2026-05-11,Delivered,FedEx
SHP00383,East,Central,2026-01-29,2026-02-01,2026-02-04,Delivered,FedEx
SHP00384,Central,East,2026-05-03,2026-05-06,2026-05-08,Delivered,UPS
SHP00385,East,Central,2026-03-06,2026-03-09,,Delayed,FedEx
SHP00386,East,South,2026-05-04,2026-05-11,2026-05-13,Delivered,UPS
SHP00387,Central,North,2026-05-24,2026-06-01,2026-06-04,Delivered,FedEx
SHP00388,Central,East,2026-06-30,2026-07-04,,Delayed,FedEx
SHP00389,East,East,2026-05-09,2026-05-12,2026-05-11,Delivered,UPS
SHP00390,South,South,2026-01-15,2026-01-23,2026-01-25,Delivered,FedEx
SHP00391,East,Central,2026-06-27,2026-07-03,2026-07-01,Delivered,DHL
SHP00392,North,East,2026-05-08,2026-05-16,2026-05-17,Delivered,FedEx
SHP00393,South,West,2026-04-11,2026-04-19,2026-04-18,Delivered,DHL
SHP00394,West,West,2026-03-01,2026-03-08,2026-03-11,Delivered,FedEx
SHP00395,East,East,2026-03-22,2026-03-27,2026-03-29,Delivered,FedEx
SHP00396,East,East,2026-04-16,2026-04-23,,In Transit,DHL
SHP00397,Central,North,2026-03-19,2026-03-26,2026-03-27,Delivered,UPS
SHP00398,Central,Central,2026-06-05,2026-06-09,2026-06-09,Delivered,FedEx
SHP00399,East,East,2026-01-08,2026-01-16,2026-01-17,Delivered,FedEx
SHP00400,North,East,2026-02-10,2026-02-14,,Delayed,DHL
SHP00401,West,South,2026-03-18,2026-03-24,2026-03-25,Delivered,UPS
SHP00402,North,East,2026-05-15,2026-05-22,2026-05-23,Delivered,FedEx
SHP00403,Central,West,2026-05-03,2026-05-08,2026-05-06,Delivered,FedEx
SHP00404,South,West,2026-03-14,2026-03-18,2026-03-20,Delivered,UPS
SHP00405,Central,West,2026-06-10,2026-06-17,2026-06-16,Delivered,FedEx
SHP00406,West,South,2026-06-30,2026-07-07,,Cancelled,DHL
SHP00407,East,East,2026-01-30,2026-02-03,,In Transit,FedEx
SHP00408,North,West,2026-02-28,2026-03-04,2026-03-07,Delivered,UPS
SHP00409,South,West,2026-06-22,2026-06-26,,Delayed,UPS
SHP00410,South,East,2026-05-24,2026-05-30,,In Transit,DHL
SHP00411,North,North,2026-05-18,2026-05-25,2026-05-28,Delivered,DHL
SHP00412,East,East,2026-05-02,2026-05-06,2026-05-04,Delivered,UPS
SHP00413,East,West,2026-01-24,2026-01-29,2026-01-31,Delivered,UPS
SHP00414,North,West,2026-02-03,2026-02-08,2026-02-09,Delivered,UPS
SHP00415,North,East,2026-03-06,2026-03-14,2026-03-16,Delivered,FedEx
SHP00416,West,South,2026-02-12,2026-02-20,2026-02-21,Delivered,UPS
SHP00417,South,Central,2026-03-15,2026-03-19,2026-03-17,Delivered,UPS
SHP00418,East,East,2026-04-18,2026-04-23,2026-04-22,Delivered,UPS
SHP00419,North,West,2026-05-06,2026-05-13,2026-05-16,Delivered,UPS
SHP00420,West,West,2026-01-25,2026-01-29,,Delayed,UPS
SHP00421,East,South,2026-03-25,2026-03-28,2026-03-29,Delivered,FedEx
SHP00422,East,Central,2026-04-26,2026-05-02,2026-05-03,Delivered,FedEx
SHP00423,East,Central,2026-01-17,2026-01-20,2026-01-21,Delivered,FedEx
SHP00424,North,Central,2026-04-09,2026-04-13,2026-04-13,Delivered,FedEx
SHP00425,North,Central,2026-05-21,2026-05-28,2026-05-28,Delivered,FedEx
SHP00426,Central,North,2026-03-04,2026-03-11,2026-03-14,Delivered,UPS
SHP00427,Central,South,2026-03-10,2026-03-15,2026-03-15,Delivered,UPS
SHP00428,Central,East,2026-01-12,2026-01-18,,Delayed,DHL
SHP00429,East,Central,2026-02-28,2026-03-05,,In Transit,FedEx
SHP00430,South,North,2026-04-25,2026-04-30,2026-05-02,Delivered,DHL
SHP00431,East,Central,2026-03-21,2026-03-29,2026-03-29,Delivered,UPS
SHP00432,North,North,2026-04-21,2026-04-28,2026-04-29,Delivered,DHL
SHP00433,North,North,2026-03-04,2026-03-07,,In Transit,FedEx
SHP00434,East,North,2026-05-03,2026-05-07,,In Transit,DHL
SHP00435,North,Central,2026-06-11,2026-06-16,2026-06-17,Delivered,UPS
SHP00436,West,Central,2026-03-16,2026-03-22,,In Transit,DHL
SHP00437,West,North,2026-05-16,2026-05-19,2026-05-21,Delivered,DHL
SHP00438,East,East,2026-02-25,2026-03-02,2026-03-02,Delivered,UPS
SHP00439,South,North,2026-01-01,2026-01-07,2026-01-08,Delivered,DHL
SHP00440,North,South,2026-03-28,2026-04-05,2026-04-04,Delivered,FedEx
SHP00441,South,North,2026-04-17,2026-04-23,2026-04-26,Delivered,DHL
SHP00442,East,Central,2026-03-11,2026-03-19,2026-03-20,Delivered,FedEx
SHP00443,Central,North,2026-03-12,2026-03-16,2026-03-14,Delivered,UPS
SHP00444,Central,East,2026-06-23,2026-06-28,,In Transit,DHL
SHP00445,East,West,2026-05-01,2026-05-05,2026-05-05,Delivered,DHL
SHP00446,East,Central,2026-01-18,2026-01-21,2026-01-23,Delivered,UPS
SHP00447,North,North,2026-04-20,2026-04-24,2026-04-23,Delivered,FedEx
SHP00448,West,Central,2026-01-19,2026-01-27,,In Transit,FedEx
SHP00449,Central,South,2026-06-24,2026-07-02,2026-07-04,Delivered,DHL
SHP00450,Central,Central,2026-01-18,2026-01-25,,In Transit,FedEx
SHP00451,East,West,2026-01-11,2026-01-15,,In Transit,DHL
SHP00452,Central,South,2026-02-12,2026-02-20,2026-02-21,Delivered,FedEx
SHP00453,East,East,2026-03-01,2026-03-04,2026-03-02,Delivered,UPS
SHP00454,North,South,2026-04-27,2026-05-02,,In Transit,UPS
SHP00455,North,South,2026-03-13,2026-03-17,2026-03-20,Delivered,DHL
SHP00456,North,North,2026-01-30,2026-02-02,2026-02-05,Delivered,FedEx
SHP00457,East,West,2026-05-28,2026-06-04,,In Transit,FedEx
SHP00458,East,West,2026-05-27,2026-05-30,,In Transit,FedEx
SHP00459,East,East,2026-04-28,2026-05-03,2026-05-04,Delivered,UPS
SHP00460,South,West,2026-05-18,2026-05-24,2026-05-23,Delivered,FedEx
SHP00461,West,Central,2026-03-04,2026-03-07,2026-03-07,Delivered,FedEx
SHP00462,West,Central,2026-05-03,2026-05-11,2026-05-10,Delivered,DHL
SHP00463,North,West,2026-03-10,2026-03-18,2026-03-21,Delivered,UPS
SHP00464,East,Central,2026-04-20,2026-04-24,,In Transit,FedEx
SHP00465,South,Central,2026-03-18,2026-03-25,2026-03-27,Delivered,FedEx
SHP00466,South,East,2026-01-21,2026-01-29,2026-01-29,Delivered,FedEx
SHP00467,West,East,2026-02-25,2026-02-28,,In Transit,DHL
SHP00468,West,East,2026-06-15,2026-06-22,2026-06-24,Delivered,UPS
SHP00469,South,North,2026-05-24,2026-05-30,2026-06-01,Delivered,DHL
SHP00470,Central,North,2026-05-10,2026-05-18,2026-05-19,Delivered,FedEx
SHP00471,South,South,2026-04-14,2026-04-20,2026-04-18,Delivered,FedEx
SHP00472,East,South,2026-06-25,2026-06-30,2026-06-28,Delivered,DHL
SHP00473,Central,West,2026-04-13,2026-04-16,2026-04-14,Delivered,FedEx
SHP00474,West,North,2026-03-21,2026-03-24,2026-03-27,Delivered,UPS
SHP00475,Central,Central,2026-06-03,2026-06-08,2026-06-06,Delivered,DHL
SHP00476,South,Central,2026-01-07,2026-01-10,,Cancelled,UPS
SHP00477,West,West,2026-01-11,2026-01-16,,Delayed,DHL
SHP00478,South,East,2026-02-17,2026-02-21,2026-02-24,Delivered,UPS
SHP00479,Central,North,2026-04-06,2026-04-09,2026-04-12,Delivered,DHL
SHP00480,South,Central,2026-03-30,2026-04-03,,In Transit,UPS
SHP00481,West,Central,2026-04-26,2026-05-02,,Delayed,DHL
SHP00482,West,South,2026-05-03,2026-05-10,2026-05-09,Delivered,FedEx
SHP00483,South,North,2026-01-18,2026-01-24,2026-01-23,Delivered,DHL
SHP00484,South,East,2026-05-07,2026-05-14,2026-05-15,Delivered,FedEx
SHP00485,West,Central,2026-02-13,2026-02-20,2026-02-22,Delivered,UPS
SHP00486,West,Central,2026-06-28,2026-07-02,2026-07-01,Delivered,FedEx
SHP00487,Central,East,2026-01-12,2026-01-20,2026-01-20,Delivered,DHL
SHP00488,West,East,2026-02-24,2026-03-04,,Cancelled,FedEx
SHP00489,North,Central,2026-01-10,2026-01-13,2026-01-12,Delivered,FedEx
SHP00490,Central,West,2026-04-21,2026-04-24,2026-04-27,Delivered,DHL
SHP00491,Central,North,2026-05-01,2026-05-09,2026-05-10,Delivered,FedEx
SHP00492,Central,North,2026-06-02,2026-06-07,2026-06-09,Delivered,UPS
SHP00493,South,South,2026-01-31,2026-02-07,2026-02-08,Delivered,UPS
SHP00494,Central,Central,2026-03-13,2026-03-16,2026-03-17,Delivered,FedEx
SHP00495,East,East,2026-06-27,2026-07-01,,In Transit,DHL
SHP00496,Central,West,2026-03-07,2026-03-14,,In Transit,DHL
SHP00497,East,Central,2026-02-04,2026-02-07,,Delayed,UPS
SHP00498,West,South,2026-03-06,2026-03-11,2026-03-09,Delivered,DHL
SHP00499,South,West,2026-04-10,2026-04-14,2026-04-14,Delivered,DHL
SHP00500,North,East,2026-06-11,2026-06-18,,In Transit,DHL
SHP00501,East,West,2026-04-06,2026-04-12,,In Transit,DHL
SHP00502,Central,North,2026-05-23,2026-05-26,2026-05-26,Delivered,UPS
SHP00503,Central,East,2026-04-03,2026-04-09,2026-04-10,Delivered,DHL
SHP00504,East,South,2026-01-10,2026-01-15,2026-01-18,Delivered,DHL
SHP00505,South,Central,2026-03-20,2026-03-24,2026-03-27,Delivered,FedEx
SHP00506,South,West,2026-01-11,2026-01-18,2026-01-17,Delivered,UPS
SHP00507,South,North,2026-04-16,2026-04-24,2026-04-23,Delivered,DHL
SHP00508,North,Central,2026-01-11,2026-01-15,,Cancelled,FedEx
SHP00509,East,North,2026-05-17,2026-05-21,2026-05-23,Delivered,FedEx
SHP00510,East,North,2026-03-30,2026-04-07,,In Transit,UPS
SHP00511,North,West,2026-06-22,2026-06-29,,Cancelled,DHL
SHP00512,Central,Central,2026-03-23,2026-03-31,2026-03-29,Delivered,DHL
SHP00513,Central,East,2026-01-11,2026-01-17,2026-01-17,Delivered,FedEx
SHP00514,West,Central,2026-05-18,2026-05-26,2026-05-28,Delivered,FedEx
SHP00515,East,South,2026-05-24,2026-05-29,2026-05-30,Delivered,UPS
SHP00516,North,South,2026-06-13,2026-06-16,2026-06-15,Delivered,FedEx
SHP00517,East,South,2026-06-24,2026-07-02,,Delayed,FedEx
SHP00518,Central,South,2026-06-04,2026-06-08,2026-06-07,Delivered,FedEx
SHP00519,Central,West,2026-05-28,2026-06-01,,Delayed,FedEx
SHP00520,South,West,2026-02-14,2026-02-18,2026-02-20,Delivered,UPS
SHP00521,Central,South,2026-05-29,2026-06-01,,Delayed,DHL
SHP00522,West,East,2026-01-08,2026-01-16,2026-01-19,Delivered,UPS
SHP00523,North,East,2026-01-22,2026-01-30,,Delayed,UPS
SHP00524,North,North,2026-06-23,2026-06-30,2026-07-01,Delivered,UPS
SHP00525,West,Central,2026-03-03,2026-03-08,2026-03-09,Delivered,DHL
SHP00526,South,South,2026-03-09,2026-03-16,2026-03-16,Delivered,UPS
SHP00527,Central,East,2026-01-18,2026-01-24,,Delayed,FedEx
SHP00528,Central,North,2026-03-30,2026-04-05,,In Transit,FedEx
SHP00529,North,South,2026-01-15,2026-01-21,2026-01-21,Delivered,DHL
SHP00530,West,South,2026-01-02,2026-01-06,2026-01-07,Delivered,DHL
SHP00531,West,South,2026-01-07,2026-01-13,2026-01-11,Delivered,FedEx
SHP00532,Central,North,2026-05-10,2026-05-18,,Delayed,FedEx
SHP00533,East,South,2026-01-13,2026-01-17,2026-01-19,Delivered,DHL
SHP00534,North,Central,2026-01-02,2026-01-05,,Delayed,UPS
SHP00535,North,North,2026-02-15,2026-02-20,2026-02-20,Delivered,FedEx
SHP00536,West,West,2026-03-24,2026-03-27,2026-03-28,Delivered,UPS
SHP00537,West,East,2026-04-27,2026-05-02,2026-05-01,Delivered,UPS
SHP00538,South,South,2026-01-21,2026-01-24,2026-01-27,Delivered,FedEx
SHP00539,East,East,2026-04-10,2026-04-16,,In Transit,DHL
SHP00540,Central,East,2026-01-08,2026-01-16,2026-01-14,Delivered,UPS
SHP00541,Central,West,2026-01-24,2026-01-27,,In Transit,DHL
SHP00542,South,West,2026-02-22,2026-02-26,2026-02-24,Delivered,UPS
SHP00543,East,East,2026-01-24,2026-01-31,2026-01-30,Delivered,FedEx
SHP00544,South,West,2026-06-10,2026-06-18,,In Transit,UPS
SHP00545,South,North,2026-05-16,2026-05-19,2026-05-21,Delivered,UPS
SHP00546,South,West,2026-04-08,2026-04-14,,Delayed,UPS
SHP00547,West,North,2026-01-31,2026-02-06,2026-02-06,Delivered,UPS
SHP00548,Central,North,2026-04-14,2026-04-18,2026-04-19,Delivered,DHL
SHP00549,West,North,2026-03-18,2026-03-21,2026-03-23,Delivered,DHL
SHP00550,East,Central,2026-06-05,2026-06-11,,Cancelled,DHL
SHP00551,West,Central,2026-04-05,2026-04-11,2026-04-11,Delivered,DHL
SHP00552,South,East,2026-05-27,2026-05-30,2026-06-02,Delivered,FedEx
SHP00553,East,West,2026-05-25,2026-05-31,,Delayed,UPS
SHP00554,East,West,2026-04-19,2026-04-27,2026-04-25,Delivered,FedEx
SHP00555,West,Central,2026-05-06,2026-05-13,,Cancelled,DHL
SHP00556,North,West,2026-04-16,2026-04-19,2026-04-20,Delivered,UPS
SHP00557,East,West,2026-06-20,2026-06-28,2026-06-28,Delivered,FedEx
SHP00558,South,South,2026-06-24,2026-07-01,2026-07-01,Delivered,DHL
SHP00559,East,South,2026-03-17,2026-03-24,2026-03-24,Delivered,UPS
SHP00560,South,South,2026-01-03,2026-01-07,2026-01-09,Delivered,FedEx
SHP00561,West,East,2026-02-01,2026-02-04,2026-02-04,Delivered,FedEx
SHP00562,North,Central,2026-06-11,2026-06-15,2026-06-15,Delivered,DHL
SHP00563,North,East,2026-06-01,2026-06-05,2026-06-07,Delivered,DHL
SHP00564,East,West,2026-03-21,2026-03-29,2026-03-31,Delivered,FedEx
SHP00565,West,South,2026-05-01,2026-05-04,2026-05-06,Delivered,UPS
SHP00566,North,North,2026-05-09,2026-05-17,2026-05-17,Delivered,UPS
SHP00567,Central,North,2026-03-15,2026-03-19,2026-03-20,Delivered,DHL
SHP00568,North,West,2026-06-11,2026-06-14,2026-06-13,Delivered,FedEx
SHP00569,East,North,2026-05-29,2026-06-06,2026-06-08,Delivered,UPS
SHP00570,East,East,2026-01-02,2026-01-05,2026-01-03,Delivered,UPS
SHP00571,South,Central,2026-01-12,2026-01-17,2026-01-15,Delivered,DHL
SHP00572,Central,South,2026-02-07,2026-02-15,2026-02-14,Delivered,UPS
SHP00573,West,South,2026-03-22,2026-03-25,2026-03-23,Delivered,FedEx
SHP00574,West,Central,2026-04-20,2026-04-27,2026-04-26,Delivered,FedEx
SHP00575,West,Central,2026-01-20,2026-01-23,2026-01-23,Delivered,UPS
SHP00576,East,South,2026-06-11,2026-06-18,2026-06-16,Delivered,FedEx
SHP00577,East,East,2026-06-17,2026-06-21,2026-06-24,Delivered,FedEx
SHP00578,North,North,2026-03-05,2026-03-09,2026-03-09,Delivered,DHL
SHP00579,North,Central,2026-02-09,2026-02-16,,Cancelled,UPS
SHP00580,Central,Central,2026-02-24,2026-03-02,2026-03-05,Delivered,UPS
SHP00581,North,West,2026-04-05,2026-04-13,,Cancelled,DHL
SHP00582,South,Central,2026-06-30,2026-07-04,2026-07-04,Delivered,FedEx
SHP00583,West,South,2026-05-02,2026-05-08,2026-05-11,Delivered,DHL
SHP00584,South,South,2026-04-21,2026-04-24,2026-04-24,Delivered,FedEx
SHP00585,East,South,2026-02-15,2026-02-20,2026-02-21,Delivered,UPS
SHP00586,East,West,2026-03-02,2026-03-08,,Cancelled,FedEx
SHP00587,West,Central,2026-05-29,2026-06-04,2026-06-06,Delivered,FedEx
SHP00588,North,North,2026-06-28,2026-07-02,,In Transit,DHL
SHP00589,East,North,2026-06-25,2026-06-30,2026-06-28,Delivered,UPS
SHP00590,North,South,2026-05-14,2026-05-22,,In Transit,FedEx
SHP00591,Central,South,2026-06-09,2026-06-16,,Cancelled,DHL
SHP00592,South,Central,2026-01-23,2026-01-27,,In Transit,UPS
SHP00593,South,South,2026-01-07,2026-01-12,2026-01-14,Delivered,UPS
SHP00594,Central,Central,2026-01-17,2026-01-21,2026-01-24,Delivered,FedEx
SHP00595,South,East,2026-01-07,2026-01-10,2026-01-10,Delivered,DHL
SHP00596,South,Central,2026-05-01,2026-05-08,2026-05-09,Delivered,UPS
SHP00597,Central,South,2026-04-10,2026-04-16,2026-04-14,Delivered,UPS
SHP00598,West,East,2026-03-12,2026-03-20,,In Transit,DHL
SHP00599,South,East,2026-02-14,2026-02-19,2026-02-19,Delivered,UPS
SHP00600,North,Central,2026-05-22,2026-05-25,2026-05-24,Delivered,FedEx
SHP00601,Central,North,2026-04-29,2026-05-02,2026-05-05,Delivered,DHL
SHP00602,East,Central,2026-05-20,2026-05-25,2026-05-28,Delivered,DHL
SHP00603,North,Central,2026-01-30,2026-02-03,2026-02-04,Delivered,DHL
SHP00604,West,Central,2026-06-07,2026-06-12,2026-06-15,Delivered,FedEx
SHP00605,North,West,2026-06-25,2026-07-01,2026-07-03,Delivered,FedEx
SHP00606,West,East,2026-02-05,2026-02-11,,Cancelled,DHL
SHP00607,South,South,2026-03-07,2026-03-14,,In Transit,DHL
SHP00608,Central,South,2026-04-18,2026-04-22,,In Transit,UPS
SHP00609,South,East,2026-01-12,2026-01-18,2026-01-17,Delivered,DHL
SHP00610,Central,East,2026-03-25,2026-04-02,2026-03-31,Delivered,UPS
SHP00611,South,South,2026-02-13,2026-02-17,2026-02-20,Delivered,DHL
SHP00612,East,West,2026-02-07,2026-02-14,2026-02-15,Delivered,DHL
SHP00613,South,South,2026-01-12,2026-01-17,2026-01-20,Delivered,DHL
SHP00614,Central,West,2026-05-17,2026-05-22,2026-05-21,Delivered,FedEx
SHP00615,East,Central,2026-01-14,2026-01-18,2026-01-18,Delivered,UPS
SHP00616,South,North,2026-04-02,2026-04-07,2026-04-10,Delivered,FedEx
SHP00617,Central,North,2026-04-01,2026-04-05,2026-04-08,Delivered,UPS
SHP00618,North,Central,2026-05-12,2026-05-17,2026-05-18,Delivered,UPS
SHP00619,West,South,2026-02-02,2026-02-07,2026-02-10,Delivered,DHL
SHP00620,North,Central,2026-02-14,2026-02-21,2026-02-19,Delivered,UPS
SHP00621,South,South,2026-01-01,2026-01-07,,Delayed,FedEx
SHP00622,South,Central,2026-05-18,2026-05-26,2026-05-27,Delivered,FedEx
SHP00623,North,South,2026-05-05,2026-05-11,,Delayed,FedEx
SHP00624,Central,West,2026-05-24,2026-05-31,2026-06-01,Delivered,FedEx
SHP00625,North,South,2026-04-19,2026-04-27,2026-04-28,Delivered,FedEx
SHP00626,West,Central,2026-01-11,2026-01-16,2026-01-18,Delivered,UPS
SHP00627,North,South,2026-01-10,2026-01-14,,In Transit,DHL
SHP00628,West,East,2026-02-05,2026-02-11,,In Transit,FedEx
SHP00629,North,North,2026-01-12,2026-01-17,2026-01-19,Delivered,UPS
SHP00630,South,North,2026-03-20,2026-03-25,2026-03-26,Delivered,DHL
SHP00631,East,East,2026-04-28,2026-05-03,2026-05-01,Delivered,DHL
SHP00632,Central,North,2026-05-19,2026-05-22,2026-05-20,Delivered,DHL
SHP00633,South,West,2026-03-18,2026-03-22,2026-03-25,Delivered,DHL
SHP00634,East,Central,2026-06-12,2026-06-16,2026-06-19,Delivered,FedEx
SHP00635,North,Central,2026-03-20,2026-03-25,2026-03-24,Delivered,DHL
SHP00636,South,West,2026-05-05,2026-05-09,,Cancelled,DHL
SHP00637,South,North,2026-05-04,2026-05-12,2026-05-14,Delivered,FedEx
SHP00638,South,North,2026-03-05,2026-03-13,2026-03-12,Delivered,FedEx
SHP00639,East,West,2026-05-22,2026-05-28,2026-05-30,Delivered,DHL
SHP00640,East,Central,2026-05-28,2026-06-04,,In Transit,DHL
SHP00641,West,South,2026-06-02,2026-06-06,2026-06-04,Delivered,DHL
SHP00642,Central,South,2026-04-29,2026-05-05,2026-05-05,Delivered,FedEx
SHP00643,West,West,2026-05-10,2026-05-18,2026-05-20,Delivered,DHL
SHP00644,East,South,2026-03-15,2026-03-18,2026-03-19,Delivered,DHL
SHP00645,East,South,2026-05-17,2026-05-22,,Delayed,DHL
SHP00646,East,West,2026-01-21,2026-01-25,,Cancelled,FedEx
SHP00647,West,West,2026-02-24,2026-03-02,2026-02-28,Delivered,UPS
SHP00648,East,South,2026-03-05,2026-03-10,2026-03-12,Delivered,UPS
SHP00649,North,Central,2026-01-29,2026-02-03,,Delayed,UPS
SHP00650,West,North,2026-02-21,2026-02-27,2026-02-26,Delivered,DHL
SHP00651,South,North,2026-01-30,2026-02-03,2026-02-01,Delivered,DHL
SHP00652,Central,South,2026-02-18,2026-02-22,2026-02-24,Delivered,UPS
SHP00653,Central,North,2026-06-26,2026-06-30,2026-07-03,Delivered,FedEx
SHP00654,East,Central,2026-06-04,2026-06-10,2026-06-11,Delivered,FedEx
SHP00655,Central,South,2026-03-16,2026-03-22,2026-03-20,Delivered,DHL
SHP00656,West,South,2026-03-02,2026-03-10,2026-03-10,Delivered,UPS
SHP00657,North,North,2026-06-24,2026-06-29,2026-06-30,Delivered,FedEx
SHP00658,South,North,2026-01-09,2026-01-13,,In Transit,DHL
SHP00659,Central,East,2026-04-04,2026-04-08,2026-04-06,Delivered,DHL
SHP00660,West,Central,2026-03-11,2026-03-14,2026-03-15,Delivered,UPS
SHP00661,Central,South,2026-05-12,2026-05-15,2026-05-17,Delivered,DHL
SHP00662,Central,East,2026-03-16,2026-03-23,2026-03-22,Delivered,DHL
SHP00663,East,South,2026-06-06,2026-06-09,,Cancelled,DHL
SHP00664,Central,North,2026-02-28,2026-03-05,2026-03-03,Delivered,UPS
SHP00665,North,Central,2026-01-18,2026-01-23,2026-01-21,Delivered,UPS
SHP00666,Central,West,2026-06-09,2026-06-16,,Cancelled,FedEx
SHP00667,South,West,2026-02-12,2026-02-19,2026-02-20,Delivered,DHL
SHP00668,North,East,2026-03-25,2026-04-02,,Delayed,UPS
SHP00669,North,Central,2026-04-07,2026-04-11,2026-04-14,Delivered,UPS
SHP00670,East,East,2026-05-01,2026-05-09,2026-05-11,Delivered,FedEx
SHP00671,North,East,2026-03-14,2026-03-22,2026-03-22,Delivered,FedEx
SHP00672,Central,East,2026-06-05,2026-06-11,2026-06-12,Delivered,DHL
SHP00673,North,North,2026-06-20,2026-06-25,2026-06-24,Delivered,FedEx
SHP00674,West,Central,2026-06-24,2026-06-29,2026-07-02,Delivered,UPS
SHP00675,Central,West,2026-01-24,2026-01-29,,In Transit,DHL
SHP00676,West,North,2026-04-11,2026-04-17,,In Transit,FedEx
SHP00677,Central,South,2026-02-23,2026-03-03,,In Transit,DHL
SHP00678,East,Central,2026-06-08,2026-06-12,2026-06-13,Delivered,FedEx
SHP00679,North,Central,2026-02-08,2026-02-11,2026-02-10,Delivered,DHL
SHP00680,East,Central,2026-03-09,2026-03-12,2026-03-15,Delivered,UPS
SHP00681,North,West,2026-01-24,2026-01-30,2026-01-31,Delivered,UPS
SHP00682,Central,North,2026-06-23,2026-06-26,2026-06-29,Delivered,DHL
SHP00683,West,East,2026-05-13,2026-05-16,2026-05-15,Delivered,FedEx
SHP00684,West,West,2026-05-02,2026-05-09,2026-05-11,Delivered,FedEx
SHP00685,West,Central,2026-05-11,2026-05-19,2026-05-21,Delivered,UPS
SHP00686,North,East,2026-02-09,2026-02-17,2026-02-20,Delivered,DHL
SHP00687,North,East,2026-05-01,2026-05-07,2026-05-08,Delivered,UPS
SHP00688,West,Central,2026-01-31,2026-02-07,,In Transit,FedEx
SHP00689,West,South,2026-02-01,2026-02-09,,Cancelled,UPS
SHP00690,West,North,2026-06-23,2026-06-28,2026-06-28,Delivered,DHL
SHP00691,Central,West,2026-06-13,2026-06-21,2026-06-19,Delivered,DHL
SHP00692,East,North,2026-01-21,2026-01-24,,In Transit,FedEx
SHP00693,North,North,2026-02-07,2026-02-11,2026-02-12,Delivered,UPS
SHP00694,North,Central,2026-02-28,2026-03-06,2026-03-05,Delivered,FedEx
SHP00695,East,North,2026-04-20,2026-04-26,2026-04-27,Delivered,FedEx
SHP00696,Central,East,2026-04-21,2026-04-27,,Cancelled,UPS
SHP00697,West,West,2026-02-08,2026-02-14,2026-02-12,Delivered,DHL
SHP00698,North,South,2026-06-25,2026-06-28,2026-06-28,Delivered,FedEx
SHP00699,West,West,2026-02-22,2026-03-01,2026-02-28,Delivered,UPS
SHP00700,South,West,2026-05-14,2026-05-18,2026-05-17,Delivered,DHL
SHP00701,South,East,2026-01-25,2026-01-31,2026-01-30,Delivered,UPS
SHP00702,Central,North,2026-02-09,2026-02-14,,Delayed,FedEx
SHP00703,North,East,2026-03-29,2026-04-05,2026-04-03,Delivered,DHL
SHP00704,Central,Central,2026-01-05,2026-01-10,2026-01-08,Delivered,FedEx
SHP00705,North,East,2026-05-08,2026-05-12,2026-05-14,Delivered,FedEx
SHP00706,East,East,2026-02-13,2026-02-17,,Cancelled,DHL
SHP00707,East,West,2026-01-07,2026-01-10,,Delayed,FedEx
SHP00708,East,East,2026-01-26,2026-02-02,2026-02-05,Delivered,UPS
SHP00709,Central,West,2026-01-16,2026-01-21,2026-01-22,Delivered,UPS
SHP00710,West,South,2026-01-11,2026-01-16,2026-01-17,Delivered,UPS
SHP00711,Central,Central,2026-06-13,2026-06-20,2026-06-23,Delivered,DHL
SHP00712,North,Central,2026-03-05,2026-03-12,2026-03-15,Delivered,FedEx
SHP00713,Central,North,2026-04-09,2026-04-13,,Cancelled,UPS
SHP00714,North,East,2026-01-14,2026-01-18,,Delayed,FedEx
SHP00715,East,North,2026-05-31,2026-06-07,2026-06-10,Delivered,UPS
SHP00716,East,Central,2026-05-16,2026-05-21,2026-05-20,Delivered,FedEx
SHP00717,Central,South,2026-03-31,2026-04-05,2026-04-05,Delivered,UPS
SHP00718,South,West,2026-02-09,2026-02-17,,In Transit,UPS
SHP00719,East,West,2026-04-21,2026-04-28,2026-04-30,Delivered,FedEx
SHP00720,West,South,2026-02-02,2026-02-09,2026-02-08,Delivered,UPS
SHP00721,Central,East,2026-06-17,2026-06-20,2026-06-20,Delivered,UPS
SHP00722,East,North,2026-06-02,2026-06-07,2026-06-09,Delivered,FedEx
SHP00723,Central,Central,2026-03-27,2026-04-03,2026-04-02,Delivered,UPS
SHP00724,North,North,2026-06-05,2026-06-11,,Delayed,UPS
SHP00725,East,North,2026-06-27,2026-07-05,2026-07-07,Delivered,UPS
SHP00726,South,West,2026-05-10,2026-05-13,2026-05-15,Delivered,DHL
SHP00727,South,East,2026-03-20,2026-03-27,,In Transit,UPS
SHP00728,Central,West,2026-03-25,2026-03-29,,In Transit,DHL
SHP00729,Central,West,2026-01-26,2026-02-03,,In Transit,DHL
SHP00730,Central,East,2026-06-27,2026-07-05,,In Transit,UPS
SHP00731,North,East,2026-02-23,2026-03-03,2026-03-01,Delivered,UPS
SHP00732,East,West,2026-01-07,2026-01-13,2026-01-13,Delivered,UPS
SHP00733,North,North,2026-01-25,2026-01-31,2026-01-30,Delivered,UPS
SHP00734,East,North,2026-06-09,2026-06-12,,In Transit,UPS
SHP00735,East,North,2026-05-12,2026-05-16,2026-05-19,Delivered,UPS
SHP00736,East,North,2026-04-07,2026-04-15,2026-04-16,Delivered,DHL
SHP00737,West,South,2026-04-09,2026-04-16,2026-04-14,Delivered,DHL
SHP00738,North,West,2026-01-20,2026-01-26,2026-01-27,Delivered,FedEx
SHP00739,South,North,2026-03-13,2026-03-17,2026-03-17,Delivered,UPS
SHP00740,South,East,2026-04-28,2026-05-05,2026-05-07,Delivered,FedEx
SHP00741,Central,East,2026-05-19,2026-05-22,2026-05-24,Delivered,UPS
SHP00742,East,Central,2026-06-11,2026-06-14,2026-06-14,Delivered,DHL
SHP00743,North,North,2026-03-24,2026-03-30,2026-03-31,Delivered,DHL
SHP00744,North,East,2026-01-11,2026-01-18,2026-01-18,Delivered,FedEx
SHP00745,West,West,2026-03-19,2026-03-22,,Delayed,DHL
SHP00746,East,South,2026-04-21,2026-04-24,2026-04-22,Delivered,FedEx
SHP00747,South,North,2026-05-11,2026-05-14,,In Transit,DHL
SHP00748,West,East,2026-06-08,2026-06-12,2026-06-12,Delivered,FedEx
SHP00749,West,North,2026-02-06,2026-02-13,2026-02-13,Delivered,UPS
SHP00750,North,West,2026-01-04,2026-01-09,2026-01-10,Delivered,FedEx
SHP00751,Central,East,2026-05-19,2026-05-24,2026-05-26,Delivered,FedEx
SHP00752,South,North,2026-01-07,2026-01-14,2026-01-14,Delivered,UPS
SHP00753,West,East,2026-02-25,2026-03-01,2026-03-04,Delivered,UPS
SHP00754,West,East,2026-01-07,2026-01-15,2026-01-18,Delivered,DHL
SHP00755,West,Central,2026-02-14,2026-02-21,2026-02-19,Delivered,DHL
SHP00756,East,East,2026-01-29,2026-02-03,2026-02-03,Delivered,DHL
SHP00757,South,West,2026-04-17,2026-04-24,,Cancelled,UPS
SHP00758,West,West,2026-04-29,2026-05-05,2026-05-08,Delivered,UPS
SHP00759,Central,North,2026-04-03,2026-04-09,,In Transit,UPS
SHP00760,South,East,2026-06-01,2026-06-09,2026-06-07,Delivered,UPS
SHP00761,Central,West,2026-05-01,2026-05-04,2026-05-04,Delivered,FedEx
SHP00762,West,South,2026-02-05,2026-02-09,,Delayed,FedEx
SHP00763,North,South,2026-03-18,2026-03-22,2026-03-24,Delivered,DHL
SHP00764,East,North,2026-06-15,2026-06-21,2026-06-24,Delivered,DHL
SHP00765,South,Central,2026-01-31,2026-02-03,2026-02-03,Delivered,FedEx
SHP00766,North,West,2026-05-01,2026-05-08,2026-05-07,Delivered,FedEx
SHP00767,South,South,2026-05-05,2026-05-12,2026-05-12,Delivered,DHL
SHP00768,Central,North,2026-01-05,2026-01-12,2026-01-13,Delivered,DHL
SHP00769,East,North,2026-02-24,2026-03-02,,In Transit,DHL
SHP00770,North,Central,2026-04-03,2026-04-09,,In Transit,FedEx
SHP00771,North,West,2026-06-26,2026-06-29,2026-06-28,Delivered,DHL
SHP00772,East,Central,2026-03-01,2026-03-09,,Cancelled,FedEx
SHP00773,West,Central,2026-03-04,2026-03-09,2026-03-11,Delivered,DHL
SHP00774,Central,East,2026-01-07,2026-01-11,2026-01-10,Delivered,DHL
SHP00775,North,Central,2026-05-26,2026-06-02,2026-06-05,Delivered,FedEx
SHP00776,South,East,2026-05-24,2026-05-30,,In Transit,DHL
SHP00777,East,West,2026-03-26,2026-03-30,2026-04-01,Delivered,DHL
SHP00778,West,East,2026-02-12,2026-02-16,2026-02-19,Delivered,UPS
SHP00779,South,South,2026-01-22,2026-01-26,,Cancelled,UPS
SHP00780,East,East,2026-01-01,2026-01-05,2026-01-05,Delivered,FedEx
SHP00781,Central,East,2026-01-08,2026-01-12,2026-01-13,Delivered,UPS
SHP00782,South,South,2026-01-25,2026-01-31,2026-01-29,Delivered,DHL
SHP00783,Central,East,2026-02-03,2026-02-09,2026-02-09,Delivered,UPS
SHP00784,Central,North,2026-05-16,2026-05-22,2026-05-21,Delivered,DHL
SHP00785,North,East,2026-04-02,2026-04-09,2026-04-12,Delivered,FedEx
SHP00786,Central,East,2026-01-19,2026-01-27,,Delayed,DHL
SHP00787,West,Central,2026-06-02,2026-06-06,,In Transit,UPS
SHP00788,South,Central,2026-03-02,2026-03-05,,In Transit,DHL
SHP00789,Central,East,2026-06-06,2026-06-12,2026-06-11,Delivered,DHL
SHP00790,North,East,2026-02-13,2026-02-17,2026-02-20,Delivered,UPS
SHP00791,West,West,2026-04-02,2026-04-06,2026-04-09,Delivered,FedEx
SHP00792,Central,West,2026-03-09,2026-03-17,2026-03-19,Delivered,DHL
SHP00793,North,West,2026-03-17,2026-03-23,,In Transit,DHL
SHP00794,North,East,2026-05-16,2026-05-23,2026-05-21,Delivered,UPS
SHP00795,North,North,2026-03-12,2026-03-16,2026-03-14,Delivered,UPS
SHP00796,East,North,2026-04-13,2026-04-17,2026-04-18,Delivered,UPS
SHP00797,Central,West,2026-02-09,2026-02-12,2026-02-14,Delivered,UPS
SHP00798,Central,East,2026-03-23,2026-03-31,2026-03-29,Delivered,UPS
SHP00799,East,East,2026-02-17,2026-02-23,2026-02-22,Delivered,UPS
SHP00800,West,East,2026-01-24,2026-01-27,2026-01-27,Delivered,UPS
SHP00801,South,South,2026-03-15,2026-03-18,2026-03-17,Delivered,FedEx
SHP00802,East,North,2026-02-14,2026-02-17,2026-02-18,Delivered,DHL
SHP00803,South,North,2026-04-09,2026-04-17,2026-04-18,Delivered,FedEx
SHP00804,South,North,2026-01-11,2026-01-15,2026-01-13,Delivered,FedEx
SHP00805,East,West,2026-02-28,2026-03-07,2026-03-05,Delivered,FedEx
SHP00806,East,Central,2026-02-01,2026-02-09,2026-02-07,Delivered,FedEx
SHP00807,North,East,2026-06-16,2026-06-22,2026-06-22,Delivered,UPS
SHP00808,West,East,2026-04-11,2026-04-14,2026-04-13,Delivered,FedEx
SHP00809,Central,West,2026-05-19,2026-05-22,2026-05-22,Delivered,FedEx
SHP00810,East,South,2026-06-10,2026-06-18,2026-06-19,Delivered,FedEx
SHP00811,North,North,2026-01-02,2026-01-08,2026-01-08,Delivered,FedEx
SHP00812,South,North,2026-04-07,2026-04-15,2026-04-16,Delivered,FedEx
SHP00813,Central,East,2026-06-01,2026-06-09,2026-06-11,Delivered,UPS
SHP00814,South,Central,2026-01-08,2026-01-13,2026-01-15,Delivered,FedEx
SHP00815,West,West,2026-06-20,2026-06-25,2026-06-24,Delivered,FedEx
SHP00816,West,West,2026-02-15,2026-02-22,,In Transit,FedEx
SHP00817,South,West,2026-02-07,2026-02-15,2026-02-14,Delivered,DHL
SHP00818,North,East,2026-06-18,2026-06-24,2026-06-22,Delivered,DHL
SHP00819,South,West,2026-05-08,2026-05-13,,In Transit,FedEx
SHP00820,East,West,2026-01-28,2026-02-02,2026-02-05,Delivered,UPS
SHP00821,East,East,2026-06-07,2026-06-12,,In Transit,UPS
SHP00822,West,Central,2026-02-06,2026-02-09,,Delayed,UPS
SHP00823,West,South,2026-05-15,2026-05-22,,Delayed,DHL
SHP00824,North,South,2026-04-11,2026-04-16,2026-04-14,Delivered,DHL
SHP00825,Central,East,2026-05-15,2026-05-18,2026-05-20,Delivered,DHL
SHP00826,Central,West,2026-05-06,2026-05-12,2026-05-15,Delivered,FedEx
SHP00827,South,Central,2026-06-26,2026-07-01,,In Transit,FedEx
SHP00828,South,North,2026-03-09,2026-03-12,2026-03-12,Delivered,UPS
SHP00829,North,East,2026-05-17,2026-05-21,2026-05-24,Delivered,FedEx
SHP00830,East,East,2026-04-18,2026-04-25,2026-04-23,Delivered,UPS
SHP00831,East,North,2026-03-22,2026-03-30,,Delayed,UPS
SHP00832,West,South,2026-05-16,2026-05-21,2026-05-23,Delivered,DHL
SHP00833,West,West,2026-05-02,2026-05-07,2026-05-07,Delivered,UPS
SHP00834,East,East,2026-05-14,2026-05-20,2026-05-19,Delivered,UPS
SHP00835,South,West,2026-02-08,2026-02-13,2026-02-11,Delivered,FedEx
SHP00836,North,East,2026-05-22,2026-05-25,,Delayed,FedEx
SHP00837,North,South,2026-01-01,2026-01-07,2026-01-09,Delivered,DHL
SHP00838,West,East,2026-02-22,2026-03-01,2026-02-28,Delivered,DHL
SHP00839,Central,North,2026-06-22,2026-06-25,2026-06-23,Delivered,DHL
SHP00840,South,West,2026-04-13,2026-04-20,2026-04-22,Delivered,FedEx
SHP00841,East,West,2026-03-31,2026-04-08,,Delayed,DHL
SHP00842,North,West,2026-03-13,2026-03-20,2026-03-18,Delivered,UPS
SHP00843,East,East,2026-02-09,2026-02-17,2026-02-20,Delivered,DHL
SHP00844,West,South,2026-02-11,2026-02-19,,In Transit,UPS
SHP00845,West,East,2026-03-22,2026-03-25,2026-03-25,Delivered,FedEx
SHP00846,East,South,2026-02-04,2026-02-07,2026-02-07,Delivered,UPS
SHP00847,East,East,2026-02-16,2026-02-23,,Cancelled,DHL
SHP00848,North,North,2026-06-15,2026-06-20,,In Transit,FedEx
SHP00849,West,East,2026-01-17,2026-01-25,2026-01-28,Delivered,DHL
SHP00850,Central,East,2026-02-25,2026-03-01,2026-03-01,Delivered,UPS
SHP00851,North,West,2026-01-21,2026-01-27,2026-01-30,Delivered,FedEx
SHP00852,North,East,2026-04-27,2026-04-30,,Delayed,UPS
SHP00853,North,Central,2026-04-23,2026-04-28,2026-04-28,Delivered,FedEx
SHP00854,West,West,2026-02-23,2026-03-01,2026-03-04,Delivered,DHL
SHP00855,South,North,2026-05-22,2026-05-27,,Delayed,FedEx
SHP00856,North,West,2026-03-09,2026-03-17,2026-03-18,Delivered,DHL
SHP00857,North,East,2026-05-05,2026-05-08,2026-05-11,Delivered,UPS
SHP00858,East,North,2026-04-14,2026-04-20,2026-04-18,Delivered,FedEx
SHP00859,South,East,2026-05-25,2026-05-28,,Delayed,FedEx
SHP00860,North,Central,2026-01-23,2026-01-30,,Cancelled,DHL
SHP00861,South,West,2026-05-31,2026-06-03,,Delayed,FedEx
SHP00862,East,East,2026-03-24,2026-03-28,2026-03-26,Delivered,UPS
SHP00863,East,Central,2026-02-11,2026-02-14,2026-02-12,Delivered,FedEx
SHP00864,South,East,2026-02-25,2026-03-05,2026-03-08,Delivered,DHL
SHP00865,South,Central,2026-05-24,2026-05-31,2026-06-03,Delivered,UPS
SHP00866,Central,Central,2026-03-20,2026-03-24,2026-03-24,Delivered,UPS
SHP00867,North,North,2026-01-23,2026-01-27,2026-01-25,Delivered,UPS
SHP00868,West,Central,2026-03-25,2026-03-31,,In Transit,FedEx
SHP00869,North,Central,2026-03-19,2026-03-22,2026-03-23,Delivered,FedEx
SHP00870,East,West,2026-05-11,2026-05-16,,In Transit,DHL
SHP00871,Central,North,2026-04-08,2026-04-11,,In Transit,DHL
SHP00872,South,West,2026-06-27,2026-07-03,2026-07-04,Delivered,FedEx
SHP00873,East,East,2026-01-17,2026-01-25,2026-01-28,Delivered,DHL
SHP00874,Central,South,2026-05-07,2026-05-11,,Cancelled,FedEx
SHP00875,West,Central,2026-03-31,2026-04-06,,Delayed,UPS
SHP00876,South,Central,2026-05-21,2026-05-28,2026-05-26,Delivered,DHL
SHP00877,Central,South,2026-02-24,2026-03-02,,In Transit,FedEx
SHP00878,West,South,2026-05-15,2026-05-18,2026-05-17,Delivered,DHL
SHP00879,East,East,2026-02-10,2026-02-15,2026-02-18,Delivered,UPS
SHP00880,East,North,2026-03-23,2026-03-31,2026-03-31,Delivered,FedEx
SHP00881,Central,West,2026-04-14,2026-04-18,2026-04-18,Delivered,UPS
SHP00882,Central,East,2026-06-10,2026-06-17,,Delayed,DHL
SHP00883,East,North,2026-05-07,2026-05-13,,Cancelled,FedEx
SHP00884,South,South,2026-05-26,2026-06-01,,Delayed,DHL
SHP00885,Central,East,2026-04-17,2026-04-20,2026-04-22,Delivered,FedEx
SHP00886,East,West,2026-01-06,2026-01-10,2026-01-12,Delivered,FedEx
SHP00887,South,East,2026-06-09,2026-06-14,,In Transit,UPS
SHP00888,South,South,2026-06-03,2026-06-09,,In Transit,DHL
SHP00889,North,North,2026-03-02,2026-03-08,2026-03-08,Delivered,DHL
SHP00890,North,South,2026-02-11,2026-02-16,2026-02-16,Delivered,UPS
SHP00891,Central,Central,2026-01-06,2026-01-12,,Cancelled,UPS
SHP00892,East,Central,2026-01-11,2026-01-14,2026-01-17,Delivered,FedEx
SHP00893,East,North,2026-05-07,2026-05-13,2026-05-15,Delivered,FedEx
SHP00894,South,Central,2026-04-14,2026-04-20,2026-04-23,Delivered,DHL
SHP00895,West,East,2026-02-15,2026-02-20,,Delayed,UPS
SHP00896,South,West,2026-05-26,2026-06-02,2026-06-03,Delivered,FedEx
SHP00897,North,East,2026-03-05,2026-03-11,2026-03-11,Delivered,DHL
SHP00898,East,South,2026-02-10,2026-02-18,2026-02-17,Delivered,DHL
SHP00899,Central,Central,2026-06-12,2026-06-20,2026-06-22,Delivered,FedEx
SHP00900,Central,South,2026-05-04,2026-05-10,2026-05-12,Delivered,FedEx
SHP00901,South,Central,2026-02-13,2026-02-21,2026-02-24,Delivered,UPS
SHP00902,Central,Central,2026-06-16,2026-06-22,2026-06-23,Delivered,UPS
SHP00903,South,East,2026-05-26,2026-05-30,2026-05-30,Delivered,FedEx
SHP00904,South,Central,2026-03-27,2026-03-31,2026-03-31,Delivered,FedEx
SHP00905,Central,North,2026-01-19,2026-01-23,,Delayed,FedEx
SHP00906,Central,East,2026-05-17,2026-05-21,,In Transit,FedEx
SHP00907,North,North,2026-06-21,2026-06-28,2026-06-26,Delivered,DHL
SHP00908,South,North,2026-01-19,2026-01-23,2026-01-22,Delivered,DHL
SHP00909,North,North,2026-05-18,2026-05-22,2026-05-20,Delivered,DHL
SHP00910,South,Central,2026-03-19,2026-03-24,,In Transit,FedEx
SHP00911,West,North,2026-03-18,2026-03-21,,Delayed,FedEx
SHP00912,West,West,2026-03-19,2026-03-24,,In Transit,FedEx
SHP00913,Central,South,2026-06-14,2026-06-20,,Cancelled,FedEx
SHP00914,South,South,2026-02-12,2026-02-16,2026-02-14,Delivered,UPS
SHP00915,Central,North,2026-02-10,2026-02-15,2026-02-16,Delivered,DHL
SHP00916,Central,North,2026-05-13,2026-05-17,,In Transit,UPS
SHP00917,Central,North,2026-05-16,2026-05-20,2026-05-20,Delivered,DHL
SHP00918,North,South,2026-03-06,2026-03-13,,In Transit,FedEx
SHP00919,North,Central,2026-01-08,2026-01-16,2026-01-19,Delivered,UPS
SHP00920,Central,Central,2026-04-25,2026-04-29,,Delayed,UPS
SHP00921,South,Central,2026-02-22,2026-02-25,2026-02-27,Delivered,FedEx
SHP00922,North,South,2026-01-22,2026-01-28,,Delayed,DHL
SHP00923,South,Central,2026-05-11,2026-05-19,2026-05-21,Delivered,DHL
SHP00924,South,North,2026-06-19,2026-06-24,2026-06-27,Delivered,FedEx
SHP00925,West,Central,2026-06-30,2026-07-03,,Delayed,FedEx
SHP00926,East,North,2026-01-30,2026-02-06,2026-02-08,Delivered,DHL
SHP00927,East,North,2026-01-13,2026-01-20,2026-01-19,Delivered,UPS
SHP00928,East,North,2026-06-22,2026-06-25,2026-06-23,Delivered,FedEx
SHP00929,South,East,2026-01-14,2026-01-21,,Delayed,UPS
SHP00930,Central,West,2026-01-12,2026-01-18,2026-01-18,Delivered,FedEx
SHP00931,Central,South,2026-02-08,2026-02-16,,In Transit,FedEx
SHP00932,Central,North,2026-01-28,2026-02-02,2026-01-31,Delivered,FedEx
SHP00933,West,Central,2026-04-02,2026-04-05,2026-04-08,Delivered,DHL
SHP00934,Central,South,2026-03-04,2026-03-09,,Delayed,FedEx
SHP00935,South,East,2026-02-10,2026-02-14,2026-02-14,Delivered,UPS
SHP00936,East,East,2026-03-19,2026-03-22,,In Transit,DHL
SHP00937,Central,East,2026-04-11,2026-04-18,2026-04-18,Delivered,DHL
SHP00938,West,North,2026-03-04,2026-03-07,2026-03-09,Delivered,DHL
SHP00939,East,Central,2026-02-20,2026-02-28,,Delayed,DHL
SHP00940,Central,East,2026-03-29,2026-04-02,,In Transit,FedEx
SHP00941,North,East,2026-02-01,2026-02-08,,In Transit,UPS
SHP00942,West,Central,2026-02-23,2026-03-01,,In Transit,FedEx
SHP00943,East,West,2026-05-19,2026-05-24,,Cancelled,UPS
SHP00944,Central,West,2026-03-05,2026-03-12,2026-03-15,Delivered,FedEx
SHP00945,East,Central,2026-01-18,2026-01-23,,In Transit,DHL
SHP00946,Central,East,2026-01-17,2026-01-21,,Delayed,DHL
SHP00947,East,East,2026-02-05,2026-02-13,2026-02-12,Delivered,FedEx
SHP00948,West,South,2026-05-28,2026-06-04,2026-06-03,Delivered,FedEx
SHP00949,West,North,2026-02-08,2026-02-16,2026-02-18,Delivered,FedEx
SHP00950,South,North,2026-02-21,2026-02-25,2026-02-24,Delivered,DHL
SHP00951,North,West,2026-05-04,2026-05-12,2026-05-13,Delivered,DHL
SHP00952,South,West,2026-06-14,2026-06-20,2026-06-22,Delivered,DHL
SHP00953,Central,East,2026-05-23,2026-05-29,,Cancelled,UPS
SHP00954,West,North,2026-03-27,2026-04-04,2026-04-03,Delivered,DHL
SHP00955,South,South,2026-06-04,2026-06-11,2026-06-10,Delivered,FedEx
SHP00956,South,North,2026-03-06,2026-03-14,2026-03-16,Delivered,FedEx
SHP00957,North,Central,2026-04-13,2026-04-18,,Delayed,UPS
SHP00958,Central,North,2026-03-24,2026-03-31,2026-04-01,Delivered,DHL
SHP00959,South,South,2026-01-16,2026-01-21,,In Transit,DHL
SHP00960,West,South,2026-02-06,2026-02-10,,In Transit,UPS
SHP00961,East,South,2026-02-01,2026-02-07,2026-02-05,Delivered,FedEx
SHP00962,South,North,2026-02-22,2026-03-01,2026-02-27,Delivered,UPS
SHP00963,East,Central,2026-06-02,2026-06-08,2026-06-07,Delivered,UPS
SHP00964,Central,Central,2026-03-16,2026-03-20,2026-03-19,Delivered,UPS
SHP00965,East,West,2026-05-14,2026-05-17,2026-05-18,Delivered,FedEx
SHP00966,West,North,2026-01-11,2026-01-18,2026-01-16,Delivered,UPS
SHP00967,North,East,2026-06-07,2026-06-11,2026-06-10,Delivered,DHL
SHP00968,North,East,2026-02-20,2026-02-26,,Cancelled,UPS
SHP00969,South,Central,2026-05-06,2026-05-12,2026-05-12,Delivered,DHL
SHP00970,West,Central,2026-03-02,2026-03-05,2026-03-08,Delivered,FedEx
SHP00971,North,North,2026-04-11,2026-04-16,,Delayed,FedEx
SHP00972,South,South,2026-05-15,2026-05-20,2026-05-22,Delivered,UPS
SHP00973,North,Central,2026-03-03,2026-03-07,,Delayed,FedEx
SHP00974,West,West,2026-04-16,2026-04-24,2026-04-27,Delivered,DHL
SHP00975,South,North,2026-06-06,2026-06-09,,In Transit,UPS
SHP00976,South,Central,2026-03-30,2026-04-06,2026-04-08,Delivered,DHL
SHP00977,West,North,2026-03-14,2026-03-18,2026-03-18,Delivered,FedEx
SHP00978,East,South,2026-04-10,2026-04-13,2026-04-12,Delivered,DHL
SHP00979,East,South,2026-05-12,2026-05-17,2026-05-15,Delivered,UPS
SHP00980,East,North,2026-02-24,2026-02-27,2026-02-25,Delivered,UPS
SHP00981,West,South,2026-01-25,2026-02-02,,In Transit,DHL
SHP00982,North,East,2026-04-26,2026-05-04,2026-05-04,Delivered,DHL
SHP00983,East,East,2026-04-03,2026-04-09,2026-04-10,Delivered,FedEx
SHP00984,Central,Central,2026-01-31,2026-02-04,2026-02-03,Delivered,FedEx
SHP00985,South,West,2026-04-20,2026-04-28,,In Transit,UPS
SHP00986,South,Central,2026-02-24,2026-03-03,2026-03-06,Delivered,FedEx
SHP00987,West,East,2026-04-08,2026-04-15,,Delayed,FedEx
SHP00988,Central,Central,2026-04-28,2026-05-05,2026-05-07,Delivered,DHL
SHP00989,Central,Central,2026-03-18,2026-03-22,2026-03-20,Delivered,DHL
SHP00990,South,West,2026-02-23,2026-03-01,2026-03-02,Delivered,FedEx
SHP00991,South,Central,2026-06-20,2026-06-24,2026-06-25,Delivered,DHL
SHP00992,North,West,2026-03-22,2026-03-27,2026-03-28,Delivered,FedEx
SHP00993,East,East,2026-02-03,2026-02-09,2026-02-11,Delivered,UPS
SHP00994,North,West,2026-06-23,2026-07-01,,Delayed,UPS
SHP00995,West,East,2026-03-29,2026-04-01,,In Transit,DHL
SHP00996,South,North,2026-02-18,2026-02-21,2026-02-19,Delivered,DHL
SHP00997,West,Central,2026-02-11,2026-02-17,2026-02-20,Delivered,DHL
SHP00998,South,West,2026-04-12,2026-04-15,2026-04-16,Delivered,DHL
SHP00999,East,East,2026-02-28,2026-03-05,2026-03-03,Delivered,UPS
SHP01000,West,Central,2026-01-30,2026-02-03,2026-02-02,Delivered,UPS
SHP01001,North,North,2026-01-02,2026-01-07,,In Transit,FedEx
SHP01002,West,North,2026-04-26,2026-04-30,,Cancelled,UPS
SHP01003,Central,East,2026-03-28,2026-03-31,,Delayed,FedEx
SHP01004,East,Central,2026-02-17,2026-02-21,2026-02-24,Delivered,FedEx
SHP01005,North,East,2026-01-05,2026-01-13,,Delayed,FedEx
SHP01006,South,East,2026-02-09,2026-02-16,2026-02-15,Delivered,FedEx
SHP01007,East,Central,2026-04-30,2026-05-04,2026-05-04,Delivered,UPS
SHP01008,South,Central,2026-05-18,2026-05-22,2026-05-22,Delivered,FedEx
SHP01009,North,South,2026-06-11,2026-06-16,2026-06-19,Delivered,DHL
SHP01010,West,East,2026-02-22,2026-02-26,2026-02-24,Delivered,DHL
SHP01011,East,Central,2026-01-04,2026-01-09,2026-01-09,Delivered,DHL
SHP01012,East,North,2026-04-17,2026-04-24,,In Transit,UPS
SHP01013,South,South,2026-02-20,2026-02-23,,In Transit,UPS
SHP01014,North,Central,2026-05-02,2026-05-08,2026-05-07,Delivered,FedEx
SHP01015,West,East,2026-01-24,2026-01-27,,In Transit,UPS
SHP01016,East,East,2026-06-20,2026-06-26,2026-06-26,Delivered,UPS
SHP01017,West,West,2026-04-16,2026-04-19,2026-04-19,Delivered,DHL
SHP01018,East,Central,2026-01-05,2026-01-09,2026-01-09,Delivered,UPS
SHP01019,East,East,2026-04-27,2026-05-01,2026-04-30,Delivered,FedEx
SHP01020,East,East,2026-05-27,2026-06-01,,In Transit,UPS
SHP01021,South,Central,2026-01-13,2026-01-21,2026-01-23,Delivered,UPS
SHP01022,West,North,2026-02-12,2026-02-17,2026-02-15,Delivered,UPS
SHP01023,North,Central,2026-05-30,2026-06-04,,In Transit,FedEx
SHP01024,East,West,2026-06-12,2026-06-18,2026-06-19,Delivered,FedEx
SHP01025,South,South,2026-06-17,2026-06-25,2026-06-24,Delivered,DHL
SHP01026,Central,East,2026-06-03,2026-06-06,2026-06-04,Delivered,UPS
SHP01027,Central,South,2026-03-01,2026-03-07,2026-03-05,Delivered,FedEx
SHP01028,West,South,2026-01-26,2026-01-31,2026-02-01,Delivered,DHL
SHP01029,West,East,2026-04-17,2026-04-25,,In Transit,FedEx
SHP01030,West,West,2026-05-02,2026-05-07,,In Transit,FedEx
SHP01031,South,East,2026-01-16,2026-01-22,2026-01-22,Delivered,DHL
SHP01032,South,West,2026-06-05,2026-06-09,,Delayed,DHL
SHP01033,Central,Central,2026-01-23,2026-01-27,,In Transit,DHL
SHP01034,West,North,2026-02-07,2026-02-13,,Cancelled,UPS
SHP01035,Central,Central,2026-03-16,2026-03-22,,Delayed,DHL
SHP01036,East,Central,2026-05-19,2026-05-27,2026-05-27,Delivered,DHL
SHP01037,Central,West,2026-01-30,2026-02-05,2026-02-06,Delivered,DHL
SHP01038,East,Central,2026-01-15,2026-01-21,2026-01-23,Delivered,UPS
SHP01039,West,North,2026-03-01,2026-03-07,2026-03-06,Delivered,DHL
SHP01040,West,Central,2026-05-08,2026-05-15,,In Transit,DHL
SHP01041,East,West,2026-03-25,2026-03-28,2026-03-30,Delivered,FedEx
SHP01042,West,Central,2026-04-02,2026-04-08,2026-04-07,Delivered,UPS
SHP01043,East,South,2026-03-09,2026-03-13,,In Transit,UPS
SHP01044,West,West,2026-03-13,2026-03-21,,In Transit,FedEx
SHP01045,West,Central,2026-06-06,2026-06-10,2026-06-09,Delivered,UPS
SHP01046,East,North,2026-03-31,2026-04-08,,Cancelled,UPS
SHP01047,West,East,2026-06-11,2026-06-14,2026-06-12,Delivered,UPS
SHP01048,Central,South,2026-03-27,2026-04-02,2026-04-05,Delivered,DHL
SHP01049,Central,North,2026-06-17,2026-06-20,2026-06-21,Delivered,UPS
SHP01050,East,West,2026-02-18,2026-02-22,,Delayed,UPS
SHP01051,West,South,2026-05-10,2026-05-16,2026-05-17,Delivered,UPS
SHP01052,East,East,2026-01-26,2026-02-02,2026-02-01,Delivered,DHL
SHP01053,East,North,2026-04-24,2026-04-27,,Cancelled,DHL
SHP01054,North,North,2026-03-22,2026-03-26,2026-03-29,Delivered,UPS
SHP01055,North,South,2026-03-12,2026-03-16,,In Transit,FedEx
SHP01056,Central,Central,2026-05-04,2026-05-12,2026-05-15,Delivered,DHL
SHP01057,North,North,2026-01-04,2026-01-09,2026-01-10,Delivered,FedEx
SHP01058,North,North,2026-02-24,2026-02-27,,In Transit,FedEx
SHP01059,East,East,2026-06-18,2026-06-21,,In Transit,FedEx
SHP01060,North,South,2026-02-10,2026-02-18,2026-02-16,Delivered,DHL
SHP01061,East,Central,2026-05-31,2026-06-06,,Delayed,DHL
SHP01062,East,East,2026-03-23,2026-03-26,2026-03-26,Delivered,FedEx
SHP01063,West,West,2026-01-12,2026-01-20,2026-01-21,Delivered,FedEx
SHP01064,Central,East,2026-06-23,2026-06-29,2026-07-01,Delivered,DHL
SHP01065,West,West,2026-04-13,2026-04-16,2026-04-17,Delivered,DHL
SHP01066,South,West,2026-04-02,2026-04-08,,Cancelled,FedEx
SHP01067,South,West,2026-03-24,2026-03-27,2026-03-27,Delivered,FedEx
SHP01068,North,North,2026-04-29,2026-05-02,2026-05-05,Delivered,FedEx
SHP01069,East,West,2026-03-02,2026-03-08,2026-03-11,Delivered,DHL
SHP01070,North,East,2026-02-05,2026-02-10,,Cancelled,DHL
SHP01071,Central,East,2026-02-25,2026-03-03,2026-03-02,Delivered,FedEx
SHP01072,North,North,2026-01-10,2026-01-17,2026-01-17,Delivered,FedEx
SHP01073,Central,Central,2026-01-03,2026-01-10,,In Transit,FedEx
SHP01074,North,West,2026-05-28,2026-05-31,2026-05-30,Delivered,FedEx
SHP01075,North,West,2026-05-06,2026-05-13,2026-05-14,Delivered,UPS
SHP01076,Central,East,2026-05-08,2026-05-12,2026-05-12,Delivered,DHL
SHP01077,West,South,2026-06-13,2026-06-17,2026-06-16,Delivered,FedEx
SHP01078,South,North,2026-04-12,2026-04-18,,Cancelled,DHL
SHP01079,South,Central,2026-01-05,2026-01-11,2026-01-14,Delivered,UPS
SHP01080,East,West,2026-04-11,2026-04-16,2026-04-19,Delivered,FedEx
SHP01081,Central,North,2026-04-26,2026-05-03,2026-05-05,Delivered,FedEx
SHP01082,South,East,2026-04-15,2026-04-20,2026-04-21,Delivered,DHL
SHP01083,West,West,2026-04-30,2026-05-03,2026-05-02,Delivered,UPS
SHP01084,North,Central,2026-03-29,2026-04-06,2026-04-09,Delivered,DHL
SHP01085,North,Central,2026-03-04,2026-03-11,2026-03-11,Delivered,UPS
SHP01086,North,South,2026-04-02,2026-04-07,2026-04-10,Delivered,DHL
SHP01087,North,Central,2026-06-24,2026-06-30,2026-07-01,Delivered,FedEx
SHP01088,West,East,2026-03-26,2026-03-30,,Cancelled,UPS
SHP01089,Central,West,2026-03-01,2026-03-06,2026-03-07,Delivered,DHL
SHP01090,East,South,2026-04-11,2026-04-16,2026-04-14,Delivered,FedEx
SHP01091,West,Central,2026-02-04,2026-02-11,2026-02-11,Delivered,UPS
SHP01092,East,North,2026-06-15,2026-06-22,2026-06-22,Delivered,FedEx
SHP01093,South,North,2026-03-18,2026-03-23,,Delayed,UPS
SHP01094,South,East,2026-04-02,2026-04-05,,Delayed,DHL
SHP01095,West,South,2026-04-30,2026-05-06,2026-05-09,Delivered,UPS
SHP01096,North,Central,2026-06-29,2026-07-07,2026-07-06,Delivered,UPS
SHP01097,East,North,2026-04-22,2026-04-27,2026-04-30,Delivered,UPS
SHP01098,North,East,2026-03-18,2026-03-25,2026-03-23,Delivered,UPS
SHP01099,East,North,2026-03-08,2026-03-16,2026-03-14,Delivered,DHL
SHP01100,North,West,2026-01-02,2026-01-10,2026-01-11,Delivered,FedEx
SHP01101,West,West,2026-03-10,2026-03-18,2026-03-16,Delivered,FedEx
SHP01102,West,North,2026-05-26,2026-06-03,2026-06-05,Delivered,UPS
SHP01103,East,Central,2026-01-26,2026-02-03,2026-02-06,Delivered,FedEx
SHP01104,West,West,2026-04-26,2026-05-02,2026-05-02,Delivered,FedEx
SHP01105,Central,West,2026-05-22,2026-05-27,,In Transit,UPS
SHP01106,East,South,2026-04-17,2026-04-20,,In Transit,DHL
SHP01107,West,West,2026-04-23,2026-05-01,2026-04-30,Delivered,DHL
SHP01108,North,North,2026-04-12,2026-04-16,2026-04-15,Delivered,FedEx
SHP01109,South,West,2026-05-31,2026-06-06,,Cancelled,UPS
SHP01110,West,West,2026-04-09,2026-04-12,2026-04-13,Delivered,UPS
SHP01111,East,West,2026-04-04,2026-04-07,2026-04-10,Delivered,UPS
SHP01112,East,South,2026-05-29,2026-06-04,2026-06-07,Delivered,FedEx
SHP01113,Central,Central,2026-06-07,2026-06-15,2026-06-16,Delivered,DHL
SHP01114,North,Central,2026-03-03,2026-03-07,2026-03-09,Delivered,UPS
SHP01115,East,West,2026-06-04,2026-06-11,2026-06-13,Delivered,FedEx
SHP01116,South,South,2026-04-28,2026-05-05,2026-05-08,Delivered,FedEx
SHP01117,South,West,2026-04-08,2026-04-15,2026-04-17,Delivered,DHL
SHP01118,East,West,2026-02-28,2026-03-07,2026-03-08,Delivered,FedEx
SHP01119,East,East,2026-03-30,2026-04-07,2026-04-08,Delivered,UPS
SHP01120,North,East,2026-04-21,2026-04-26,,In Transit,UPS
SHP01121,East,West,2026-05-02,2026-05-05,,Delayed,DHL
SHP01122,South,East,2026-04-22,2026-04-26,2026-04-28,Delivered,FedEx
SHP01123,North,East,2026-05-12,2026-05-15,2026-05-13,Delivered,UPS
SHP01124,East,South,2026-06-26,2026-07-03,,Delayed,DHL
SHP01125,South,Central,2026-05-14,2026-05-17,,In Transit,UPS
SHP01126,West,North,2026-02-07,2026-02-14,,In Transit,FedEx
SHP01127,Central,North,2026-05-16,2026-05-23,,Cancelled,UPS
SHP01128,Central,North,2026-01-14,2026-01-19,2026-01-18,Delivered,FedEx
SHP01129,North,Central,2026-04-21,2026-04-25,,Delayed,UPS
SHP01130,North,South,2026-02-10,2026-02-17,,Cancelled,FedEx
SHP01131,West,East,2026-01-26,2026-02-02,2026-02-02,Delivered,FedEx
SHP01132,South,West,2026-02-25,2026-03-03,2026-03-04,Delivered,FedEx
SHP01133,East,East,2026-03-10,2026-03-17,2026-03-15,Delivered,FedEx
SHP01134,North,East,2026-04-01,2026-04-04,2026-04-07,Delivered,DHL
SHP01135,West,South,2026-04-24,2026-04-29,2026-05-01,Delivered,UPS
SHP01136,South,South,2026-01-25,2026-01-29,,Delayed,UPS
SHP01137,West,Central,2026-03-02,2026-03-05,2026-03-07,Delivered,UPS
SHP01138,East,South,2026-03-22,2026-03-28,2026-03-31,Delivered,FedEx
SHP01139,South,South,2026-03-28,2026-04-03,2026-04-04,Delivered,FedEx
SHP01140,East,East,2026-06-05,2026-06-13,2026-06-12,Delivered,FedEx
SHP01141,East,South,2026-02-08,2026-02-11,,In Transit,FedEx
SHP01142,Central,East,2026-06-28,2026-07-02,,In Transit,UPS
SHP01143,East,West,2026-01-19,2026-01-23,2026-01-21,Delivered,UPS
SHP01144,North,Central,2026-05-14,2026-05-22,2026-05-25,Delivered,DHL
SHP01145,South,Central,2026-01-13,2026-01-19,2026-01-19,Delivered,DHL
SHP01146,Central,West,2026-01-04,2026-01-11,2026-01-09,Delivered,UPS
SHP01147,East,East,2026-02-11,2026-02-19,2026-02-20,Delivered,UPS
SHP01148,Central,North,2026-01-03,2026-01-10,,In Transit,FedEx
SHP01149,South,West,2026-06-22,2026-06-30,,In Transit,UPS
SHP01150,Central,East,2026-02-11,2026-02-19,2026-02-19,Delivered,DHL
SHP01151,West,East,2026-04-15,2026-04-22,,Cancelled,UPS
SHP01152,West,Central,2026-01-04,2026-01-07,,Delayed,FedEx
SHP01153,Central,South,2026-03-30,2026-04-02,2026-04-05,Delivered,DHL
SHP01154,South,South,2026-06-18,2026-06-23,2026-06-25,Delivered,UPS
SHP01155,North,East,2026-04-01,2026-04-05,,In Transit,FedEx
SHP01156,East,East,2026-01-10,2026-01-18,2026-01-21,Delivered,FedEx
SHP01157,West,Central,2026-03-13,2026-03-18,2026-03-20,Delivered,UPS
SHP01158,East,Central,2026-04-19,2026-04-27,,In Transit,FedEx
SHP01159,East,Central,2026-02-24,2026-03-04,2026-03-03,Delivered,DHL
SHP01160,East,East,2026-01-16,2026-01-19,2026-01-22,Delivered,DHL
SHP01161,North,North,2026-05-01,2026-05-07,2026-05-09,Delivered,DHL
SHP01162,West,East,2026-02-07,2026-02-13,2026-02-16,Delivered,FedEx
SHP01163,East,East,2026-03-07,2026-03-15,2026-03-16,Delivered,FedEx
SHP01164,West,North,2026-05-24,2026-06-01,2026-05-30,Delivered,FedEx
SHP01165,West,South,2026-02-02,2026-02-10,2026-02-10,Delivered,FedEx
SHP01166,Central,West,2026-03-18,2026-03-22,2026-03-21,Delivered,DHL
SHP01167,East,Central,2026-03-16,2026-03-20,,In Transit,UPS
SHP01168,South,Central,2026-05-13,2026-05-19,2026-05-20,Delivered,FedEx
SHP01169,South,Central,2026-05-11,2026-05-19,2026-05-19,Delivered,UPS
SHP01170,East,East,2026-04-01,2026-04-06,,Delayed,UPS
SHP01171,West,West,2026-02-17,2026-02-23,2026-02-26,Delivered,FedEx
SHP01172,South,South,2026-01-24,2026-01-29,2026-01-30,Delivered,FedEx
SHP01173,South,East,2026-06-21,2026-06-28,2026-06-26,Delivered,UPS
SHP01174,Central,West,2026-02-27,2026-03-03,2026-03-04,Delivered,FedEx
SHP01175,Central,Central,2026-01-24,2026-01-28,2026-01-31,Delivered,UPS
SHP01176,Central,North,2026-05-26,2026-06-02,2026-06-04,Delivered,DHL
SHP01177,Central,Central,2026-02-04,2026-02-08,2026-02-10,Delivered,FedEx
SHP01178,North,Central,2026-05-16,2026-05-19,2026-05-18,Delivered,FedEx
SHP01179,West,Central,2026-01-31,2026-02-03,2026-02-01,Delivered,DHL
SHP01180,East,North,2026-01-15,2026-01-23,2026-01-24,Delivered,DHL
SHP01181,Central,South,2026-04-17,2026-04-24,2026-04-25,Delivered,FedEx
SHP01182,South,West,2026-05-11,2026-05-16,,Delayed,FedEx
SHP01183,East,South,2026-06-14,2026-06-22,2026-06-24,Delivered,UPS
SHP01184,South,South,2026-05-07,2026-05-14,,Delayed,DHL
SHP01185,North,East,2026-04-10,2026-04-18,2026-04-17,Delivered,FedEx
SHP01186,South,South,2026-05-15,2026-05-21,2026-05-21,Delivered,UPS
SHP01187,North,North,2026-02-02,2026-02-07,2026-02-08,Delivered,FedEx
SHP01188,Central,North,2026-01-14,2026-01-18,2026-01-19,Delivered,UPS
SHP01189,East,North,2026-06-13,2026-06-21,2026-06-20,Delivered,UPS
SHP01190,West,East,2026-02-02,2026-02-10,2026-02-10,Delivered,DHL
SHP01191,South,East,2026-05-11,2026-05-18,2026-05-20,Delivered,DHL
SHP01192,Central,West,2026-06-13,2026-06-20,2026-06-22,Delivered,DHL
SHP01193,South,South,2026-01-29,2026-02-01,2026-01-30,Delivered,FedEx
SHP01194,Central,East,2026-02-03,2026-02-09,2026-02-11,Delivered,UPS
SHP01195,South,Central,2026-03-16,2026-03-20,2026-03-21,Delivered,UPS
SHP01196,East,Central,2026-03-28,2026-03-31,2026-03-30,Delivered,FedEx
SHP01197,East,East,2026-01-27,2026-02-02,2026-02-05,Delivered,UPS
SHP01198,Central,West,2026-03-23,2026-03-26,2026-03-29,Delivered,FedEx
SHP01199,Central,Central,2026-05-22,2026-05-28,2026-05-30,Delivered,UPS
SHP01200,West,Central,2026-04-19,2026-04-22,2026-04-21,Delivered,FedEx
SHP01201,Central,East,2026-03-30,2026-04-05,,Cancelled,FedEx
SHP01202,East,East,2026-04-18,2026-04-23,,Delayed,DHL
SHP01203,Central,North,2026-04-26,2026-05-03,2026-05-06,Delivered,UPS
SHP01204,South,South,2026-01-25,2026-02-01,,Delayed,DHL
SHP01205,North,North,2026-03-09,2026-03-12,2026-03-14,Delivered,DHL
SHP01206,Central,Central,2026-06-10,2026-06-18,,Delayed,UPS
SHP01207,Central,South,2026-01-13,2026-01-17,2026-01-20,Delivered,FedEx
SHP01208,North,North,2026-04-19,2026-04-25,2026-04-23,Delivered,FedEx
SHP01209,Central,East,2026-06-18,2026-06-24,2026-06-27,Delivered,DHL
SHP01210,West,West,2026-05-25,2026-06-02,,In Transit,FedEx
SHP01211,Central,North,2026-03-13,2026-03-21,2026-03-24,Delivered,UPS
SHP01212,East,South,2026-02-12,2026-02-17,2026-02-20,Delivered,FedEx
SHP01213,South,North,2026-06-23,2026-06-30,,In Transit,DHL
SHP01214,East,Central,2026-06-15,2026-06-20,2026-06-22,Delivered,UPS
SHP01215,North,North,2026-03-05,2026-03-12,2026-03-12,Delivered,DHL
SHP01216,North,North,2026-05-07,2026-05-13,2026-05-16,Delivered,DHL
SHP01217,East,East,2026-03-03,2026-03-06,2026-03-08,Delivered,UPS
SHP01218,West,West,2026-06-16,2026-06-24,2026-06-23,Delivered,FedEx
SHP01219,North,West,2026-02-19,2026-02-27,2026-03-02,Delivered,UPS
SHP01220,North,Central,2026-02-02,2026-02-10,2026-02-10,Delivered,FedEx
SHP01221,Central,West,2026-06-28,2026-07-06,2026-07-07,Delivered,UPS
SHP01222,West,West,2026-04-07,2026-04-15,2026-04-17,Delivered,FedEx
SHP01223,West,South,2026-06-14,2026-06-17,,Delayed,UPS
SHP01224,West,East,2026-05-17,2026-05-21,2026-05-23,Delivered,DHL
SHP01225,North,Central,2026-01-02,2026-01-06,2026-01-07,Delivered,DHL
SHP01226,East,West,2026-02-03,2026-02-08,2026-02-09,Delivered,UPS
SHP01227,Central,East,2026-01-19,2026-01-22,2026-01-24,Delivered,FedEx
SHP01228,Central,Central,2026-03-09,2026-03-17,2026-03-15,Delivered,UPS
SHP01229,North,North,2026-02-18,2026-02-23,2026-02-24,Delivered,UPS
SHP01230,North,East,2026-03-25,2026-03-28,2026-03-29,Delivered,FedEx
SHP01231,North,East,2026-04-27,2026-05-04,2026-05-06,Delivered,UPS
SHP01232,East,North,2026-06-26,2026-07-01,2026-07-03,Delivered,FedEx
SHP01233,East,South,2026-03-16,2026-03-23,2026-03-25,Delivered,UPS
SHP01234,North,West,2026-06-16,2026-06-24,,In Transit,UPS
SHP01235,North,Central,2026-06-22,2026-06-30,2026-07-02,Delivered,FedEx
SHP01236,East,East,2026-01-14,2026-01-20,,Cancelled,FedEx
SHP01237,West,Central,2026-04-23,2026-04-26,2026-04-24,Delivered,UPS
SHP01238,Central,West,2026-04-25,2026-05-02,2026-05-02,Delivered,FedEx
SHP01239,South,North,2026-04-06,2026-04-09,2026-04-11,Delivered,UPS
SHP01240,North,North,2026-04-05,2026-04-13,2026-04-12,Delivered,FedEx
SHP01241,South,Central,2026-03-10,2026-03-17,2026-03-19,Delivered,UPS
SHP01242,North,West,2026-04-02,2026-04-09,,Delayed,UPS
SHP01243,West,South,2026-02-10,2026-02-13,2026-02-11,Delivered,DHL
SHP01244,Central,South,2026-06-24,2026-07-01,2026-06-29,Delivered,FedEx
SHP01245,East,North,2026-05-15,2026-05-22,2026-05-24,Delivered,DHL
SHP01246,East,Central,2026-04-10,2026-04-18,,Delayed,DHL
SHP01247,South,West,2026-01-07,2026-01-14,2026-01-15,Delivered,UPS
SHP01248,West,Central,2026-04-28,2026-05-02,,In Transit,UPS
SHP01249,South,Central,2026-02-02,2026-02-10,,Cancelled,UPS
SHP01250,South,Central,2026-01-24,2026-02-01,2026-01-30,Delivered,FedEx
SHP01251,Central,Central,2026-02-13,2026-02-19,2026-02-20,Delivered,UPS
SHP01252,South,Central,2026-05-16,2026-05-24,,Delayed,FedEx
SHP01253,Central,North,2026-04-19,2026-04-22,2026-04-24,Delivered,UPS
SHP01254,South,West,2026-01-03,2026-01-06,2026-01-09,Delivered,FedEx
SHP01255,Central,Central,2026-04-08,2026-04-14,,Cancelled,DHL
SHP01256,Central,South,2026-04-25,2026-05-01,2026-05-04,Delivered,UPS
SHP01257,Central,East,2026-02-08,2026-02-16,,Delayed,UPS
SHP01258,East,West,2026-06-01,2026-06-09,,In Transit,UPS
SHP01259,South,Central,2026-04-26,2026-05-04,,In Transit,UPS
SHP01260,West,South,2026-06-08,2026-06-15,2026-06-16,Delivered,UPS
SHP01261,South,North,2026-01-09,2026-01-16,2026-01-17,Delivered,DHL
SHP01262,South,Central,2026-01-15,2026-01-18,2026-01-20,Delivered,DHL
SHP01263,North,West,2026-03-15,2026-03-19,2026-03-19,Delivered,UPS
SHP01264,East,South,2026-03-21,2026-03-28,2026-03-28,Delivered,UPS
SHP01265,East,North,2026-06-02,2026-06-06,2026-06-09,Delivered,UPS
SHP01266,North,South,2026-02-04,2026-02-11,,Delayed,DHL
SHP01267,North,South,2026-03-08,2026-03-16,2026-03-18,Delivered,UPS
SHP01268,North,South,2026-03-11,2026-03-14,2026-03-12,Delivered,FedEx
SHP01269,Central,Central,2026-05-03,2026-05-07,2026-05-05,Delivered,FedEx
SHP01270,West,South,2026-02-20,2026-02-24,,Cancelled,FedEx
SHP01271,West,South,2026-03-12,2026-03-16,2026-03-15,Delivered,FedEx
SHP01272,East,Central,2026-06-14,2026-06-21,2026-06-22,Delivered,DHL
SHP01273,Central,West,2026-05-21,2026-05-26,2026-05-25,Delivered,UPS
SHP01274,South,West,2026-04-23,2026-04-26,2026-04-28,Delivered,DHL
SHP01275,North,South,2026-02-04,2026-02-11,2026-02-10,Delivered,DHL
SHP01276,North,North,2026-04-23,2026-04-30,2026-05-03,Delivered,DHL
SHP01277,East,West,2026-06-06,2026-06-14,2026-06-17,Delivered,UPS
SHP01278,East,Central,2026-04-16,2026-04-19,2026-04-21,Delivered,UPS
SHP01279,North,Central,2026-01-03,2026-01-07,2026-01-08,Delivered,DHL
SHP01280,West,North,2026-02-13,2026-02-21,2026-02-19,Delivered,DHL
SHP01281,South,South,2026-02-11,2026-02-14,2026-02-15,Delivered,DHL
SHP01282,South,Central,2026-06-12,2026-06-19,,Cancelled,UPS
SHP01283,Central,West,2026-06-25,2026-06-30,2026-06-30,Delivered,DHL
SHP01284,West,West,2026-06-13,2026-06-21,,In Transit,DHL
SHP01285,South,North,2026-06-11,2026-06-18,2026-06-16,Delivered,UPS
SHP01286,East,South,2026-02-26,2026-03-03,2026-03-04,Delivered,FedEx
SHP01287,West,South,2026-06-25,2026-06-29,2026-06-30,Delivered,UPS
SHP01288,Central,Central,2026-01-20,2026-01-23,2026-01-26,Delivered,DHL
SHP01289,East,South,2026-02-04,2026-02-07,2026-02-10,Delivered,DHL
SHP01290,North,East,2026-05-06,2026-05-10,,Delayed,UPS
SHP01291,West,Central,2026-04-22,2026-04-30,,In Transit,FedEx
SHP01292,West,Central,2026-06-14,2026-06-22,2026-06-24,Delivered,FedEx
SHP01293,West,East,2026-02-23,2026-03-01,2026-02-27,Delivered,DHL
SHP01294,West,East,2026-04-18,2026-04-23,2026-04-25,Delivered,FedEx
SHP01295,North,East,2026-01-04,2026-01-08,2026-01-11,Delivered,DHL
SHP01296,West,East,2026-01-08,2026-01-15,,In Transit,DHL
SHP01297,Central,Central,2026-05-23,2026-05-28,2026-05-29,Delivered,DHL
SHP01298,East,East,2026-05-07,2026-05-14,2026-05-12,Delivered,UPS
SHP01299,East,Central,2026-01-06,2026-01-10,2026-01-13,Delivered,DHL
SHP01300,South,North,2026-06-15,2026-06-20,2026-06-19,Delivered,DHL
SHP01301,North,Central,2026-02-25,2026-03-05,2026-03-04,Delivered,DHL
SHP01302,East,Central,2026-03-24,2026-04-01,2026-04-03,Delivered,DHL
SHP01303,East,East,2026-04-29,2026-05-06,,Delayed,UPS
SHP01304,West,West,2026-03-26,2026-03-31,2026-04-02,Delivered,DHL
SHP01305,Central,South,2026-06-14,2026-06-20,2026-06-21,Delivered,DHL
SHP01306,South,North,2026-02-02,2026-02-05,2026-02-05,Delivered,DHL
SHP01307,North,North,2026-02-14,2026-02-18,2026-02-20,Delivered,DHL
SHP01308,North,South,2026-05-12,2026-05-18,2026-05-20,Delivered,UPS
SHP01309,West,South,2026-02-06,2026-02-10,,In Transit,DHL
SHP01310,North,South,2026-03-08,2026-03-12,2026-03-12,Delivered,UPS
SHP01311,Central,North,2026-03-14,2026-03-18,2026-03-17,Delivered,UPS
SHP01312,East,South,2026-02-05,2026-02-08,2026-02-11,Delivered,UPS
SHP01313,West,East,2026-01-13,2026-01-16,2026-01-14,Delivered,UPS
SHP01314,Central,South,2026-05-16,2026-05-23,,In Transit,UPS
SHP01315,Central,East,2026-03-02,2026-03-09,,Delayed,DHL
SHP01316,East,North,2026-05-29,2026-06-01,,In Transit,FedEx
SHP01317,North,West,2026-06-30,2026-07-03,,Delayed,UPS
SHP01318,North,Central,2026-02-08,2026-02-14,2026-02-12,Delivered,UPS
SHP01319,North,South,2026-05-18,2026-05-22,2026-05-20,Delivered,UPS
SHP01320,West,Central,2026-02-09,2026-02-13,2026-02-16,Delivered,FedEx
SHP01321,West,West,2026-04-21,2026-04-27,2026-04-27,Delivered,DHL
SHP01322,West,West,2026-06-29,2026-07-02,2026-07-01,Delivered,FedEx
SHP01323,East,Central,2026-05-01,2026-05-08,2026-05-11,Delivered,FedEx
SHP01324,East,East,2026-06-28,2026-07-06,2026-07-05,Delivered,FedEx
SHP01325,West,South,2026-05-23,2026-05-30,2026-06-01,Delivered,DHL
SHP01326,East,Central,2026-03-02,2026-03-08,,Delayed,FedEx
SHP01327,East,North,2026-01-03,2026-01-08,2026-01-11,Delivered,DHL
SHP01328,South,North,2026-02-06,2026-02-09,,In Transit,UPS
SHP01329,South,Central,2026-06-24,2026-06-27,2026-06-29,Delivered,DHL
SHP01330,East,Central,2026-04-06,2026-04-14,2026-04-17,Delivered,UPS
SHP01331,South,Central,2026-05-22,2026-05-26,2026-05-29,Delivered,FedEx
SHP01332,West,South,2026-01-29,2026-02-04,,In Transit,UPS
SHP01333,West,North,2026-04-14,2026-04-21,2026-04-23,Delivered,FedEx
SHP01334,North,West,2026-02-26,2026-03-03,2026-03-05,Delivered,FedEx
SHP01335,Central,Central,2026-01-23,2026-01-30,2026-01-31,Delivered,FedEx
SHP01336,West,North,2026-06-11,2026-06-17,2026-06-17,Delivered,DHL
SHP01337,West,North,2026-03-21,2026-03-24,2026-03-24,Delivered,DHL
SHP01338,South,South,2026-04-08,2026-04-15,2026-04-17,Delivered,UPS
SHP01339,East,West,2026-06-25,2026-07-01,2026-07-03,Delivered,FedEx
SHP01340,North,South,2026-05-25,2026-05-30,,Delayed,DHL
SHP01341,East,East,2026-02-16,2026-02-19,,Delayed,FedEx
SHP01342,South,West,2026-03-23,2026-03-30,2026-04-02,Delivered,DHL
SHP01343,South,West,2026-05-07,2026-05-14,2026-05-14,Delivered,FedEx
SHP01344,South,West,2026-05-14,2026-05-20,2026-05-18,Delivered,UPS
SHP01345,West,East,2026-06-12,2026-06-19,2026-06-20,Delivered,UPS
SHP01346,East,North,2026-03-14,2026-03-19,2026-03-20,Delivered,DHL
SHP01347,North,West,2026-02-03,2026-02-07,2026-02-08,Delivered,UPS
SHP01348,South,West,2026-06-21,2026-06-29,2026-07-02,Delivered,UPS
SHP01349,Central,Central,2026-03-03,2026-03-09,2026-03-11,Delivered,UPS
SHP01350,West,Central,2026-03-26,2026-04-02,2026-04-02,Delivered,DHL
SHP01351,East,West,2026-04-15,2026-04-19,,In Transit,FedEx
SHP01352,East,South,2026-03-01,2026-03-05,,In Transit,UPS
SHP01353,East,West,2026-01-30,2026-02-07,2026-02-09,Delivered,UPS
SHP01354,West,North,2026-01-15,2026-01-21,2026-01-20,Delivered,UPS
SHP01355,South,Central,2026-05-14,2026-05-19,,In Transit,FedEx
SHP01356,West,West,2026-06-11,2026-06-14,2026-06-12,Delivered,FedEx
SHP01357,West,East,2026-02-19,2026-02-22,2026-02-24,Delivered,FedEx
SHP01358,Central,East,2026-04-28,2026-05-02,2026-04-30,Delivered,DHL
SHP01359,West,South,2026-03-20,2026-03-25,,Delayed,FedEx
SHP01360,East,North,2026-02-08,2026-02-13,,Delayed,UPS
SHP01361,South,Central,2026-01-26,2026-01-29,2026-01-27,Delivered,DHL
SHP01362,South,East,2026-02-20,2026-02-28,,Cancelled,UPS
SHP01363,South,East,2026-01-04,2026-01-10,,Cancelled,UPS
SHP01364,East,West,2026-05-05,2026-05-11,2026-05-12,Delivered,DHL
SHP01365,North,Central,2026-01-18,2026-01-22,2026-01-23,Delivered,UPS
SHP01366,West,North,2026-03-15,2026-03-21,,Delayed,FedEx
SHP01367,West,Central,2026-03-20,2026-03-24,2026-03-23,Delivered,FedEx
SHP01368,East,West,2026-01-09,2026-01-15,,In Transit,FedEx
SHP01369,Central,West,2026-04-24,2026-04-30,2026-04-29,Delivered,FedEx
SHP01370,South,North,2026-06-26,2026-07-04,,Delayed,FedEx
SHP01371,East,Central,2026-06-08,2026-06-15,2026-06-16,Delivered,DHL
SHP01372,Central,East,2026-04-09,2026-04-17,2026-04-16,Delivered,FedEx
SHP01373,South,North,2026-02-10,2026-02-18,2026-02-17,Delivered,DHL
SHP01374,West,West,2026-03-31,2026-04-06,,Delayed,UPS
SHP01375,East,North,2026-02-06,2026-02-12,2026-02-10,Delivered,DHL
SHP01376,Central,North,2026-04-03,2026-04-06,,Delayed,UPS
SHP01377,East,East,2026-01-30,2026-02-02,2026-02-05,Delivered,DHL
SHP01378,Central,South,2026-01-15,2026-01-22,2026-01-25,Delivered,UPS
SHP01379,Central,North,2026-01-29,2026-02-06,2026-02-06,Delivered,UPS
SHP01380,South,North,2026-06-13,2026-06-16,2026-06-15,Delivered,FedEx
SHP01381,East,Central,2026-02-13,2026-02-16,2026-02-18,Delivered,UPS
SHP01382,East,South,2026-02-27,2026-03-06,2026-03-08,Delivered,FedEx
SHP01383,West,East,2026-05-06,2026-05-12,,Cancelled,FedEx
SHP01384,Central,West,2026-03-17,2026-03-23,,In Transit,DHL
SHP01385,North,Central,2026-04-18,2026-04-24,2026-04-27,Delivered,UPS
SHP01386,West,South,2026-03-01,2026-03-09,,In Transit,DHL
SHP01387,West,North,2026-06-22,2026-06-30,2026-07-02,Delivered,FedEx
SHP01388,South,West,2026-06-19,2026-06-27,2026-06-26,Delivered,FedEx
SHP01389,Central,Central,2026-02-06,2026-02-11,2026-02-14,Delivered,DHL
SHP01390,Central,Central,2026-06-18,2026-06-25,,Delayed,UPS
SHP01391,Central,Central,2026-03-23,2026-03-26,,Cancelled,UPS
SHP01392,East,South,2026-01-12,2026-01-16,,Delayed,DHL
SHP01393,East,West,2026-04-16,2026-04-23,2026-04-21,Delivered,UPS
SHP01394,East,Central,2026-01-06,2026-01-13,,In Transit,UPS
SHP01395,Central,West,2026-05-15,2026-05-21,,Delayed,UPS
SHP01396,North,South,2026-05-28,2026-06-04,2026-06-03,Delivered,UPS
SHP01397,West,East,2026-02-24,2026-03-02,2026-03-05,Delivered,FedEx
SHP01398,North,East,2026-03-08,2026-03-15,2026-03-13,Delivered,UPS
SHP01399,North,West,2026-02-07,2026-02-12,,Delayed,DHL
SHP01400,East,West,2026-01-31,2026-02-05,2026-02-04,Delivered,DHL
SHP01401,Central,West,2026-04-10,2026-04-17,2026-04-20,Delivered,UPS
SHP01402,West,East,2026-05-23,2026-05-29,,In Transit,FedEx
SHP01403,North,East,2026-03-27,2026-03-30,2026-03-30,Delivered,UPS
SHP01404,North,South,2026-06-27,2026-07-02,2026-06-30,Delivered,UPS
SHP01405,South,South,2026-04-05,2026-04-12,,In Transit,UPS
SHP01406,Central,West,2026-02-17,2026-02-25,2026-02-24,Delivered,DHL
SHP01407,West,Central,2026-06-09,2026-06-12,,In Transit,FedEx
SHP01408,East,West,2026-02-25,2026-03-05,2026-03-06,Delivered,FedEx
SHP01409,North,West,2026-05-30,2026-06-04,2026-06-06,Delivered,DHL
SHP01410,South,North,2026-05-02,2026-05-06,,In Transit,FedEx
SHP01411,South,East,2026-04-08,2026-04-14,2026-04-13,Delivered,DHL
SHP01412,East,North,2026-04-22,2026-04-26,2026-04-28,Delivered,FedEx
SHP01413,Central,East,2026-05-19,2026-05-27,,In Transit,DHL
SHP01414,West,East,2026-03-04,2026-03-10,,In Transit,FedEx
SHP01415,East,West,2026-06-10,2026-06-18,2026-06-16,Delivered,FedEx
SHP01416,Central,East,2026-01-25,2026-02-01,2026-02-04,Delivered,DHL
SHP01417,Central,Central,2026-05-12,2026-05-19,2026-05-21,Delivered,DHL
SHP01418,Central,South,2026-01-12,2026-01-19,2026-01-21,Delivered,UPS
SHP01419,Central,East,2026-03-17,2026-03-24,,In Transit,FedEx
SHP01420,Central,Central,2026-02-01,2026-02-07,2026-02-07,Delivered,UPS
SHP01421,West,South,2026-06-17,2026-06-23,2026-06-24,Delivered,UPS
SHP01422,South,West,2026-04-22,2026-04-27,2026-04-30,Delivered,UPS
SHP01423,East,East,2026-02-09,2026-02-14,,Delayed,FedEx
SHP01424,North,East,2026-02-04,2026-02-08,,Delayed,UPS
SHP01425,South,Central,2026-06-14,2026-06-17,,Delayed,FedEx
SHP01426,South,West,2026-06-10,2026-06-16,2026-06-14,Delivered,FedEx
SHP01427,South,West,2026-01-10,2026-01-18,2026-01-17,Delivered,DHL
SHP01428,West,Central,2026-01-31,2026-02-05,2026-02-07,Delivered,UPS
SHP01429,North,East,2026-03-26,2026-03-31,2026-03-31,Delivered,FedEx
SHP01430,Central,East,2026-02-22,2026-02-25,,Delayed,FedEx
SHP01431,West,Central,2026-03-06,2026-03-13,2026-03-11,Delivered,UPS
SHP01432,East,Central,2026-06-08,2026-06-11,2026-06-12,Delivered,DHL
SHP01433,South,North,2026-06-26,2026-07-03,2026-07-04,Delivered,FedEx
SHP01434,Central,South,2026-03-11,2026-03-15,2026-03-13,Delivered,UPS
SHP01435,West,East,2026-02-13,2026-02-17,2026-02-15,Delivered,UPS
SHP01436,North,Central,2026-02-11,2026-02-16,2026-02-17,Delivered,DHL
SHP01437,South,South,2026-06-22,2026-06-27,2026-06-25,Delivered,FedEx
SHP01438,North,East,2026-06-12,2026-06-15,2026-06-18,Delivered,DHL
SHP01439,North,East,2026-03-20,2026-03-25,2026-03-24,Delivered,UPS
SHP01440,East,South,2026-03-25,2026-04-01,2026-03-30,Delivered,FedEx
SHP01441,West,West,2026-04-15,2026-04-23,2026-04-24,Delivered,UPS
SHP01442,West,North,2026-06-16,2026-06-23,2026-06-26,Delivered,DHL
SHP01443,North,Central,2026-03-13,2026-03-18,2026-03-17,Delivered,FedEx
SHP01444,West,South,2026-01-25,2026-02-01,,In Transit,FedEx
SHP01445,East,East,2026-02-06,2026-02-12,,In Transit,UPS
SHP01446,West,North,2026-04-03,2026-04-09,2026-04-12,Delivered,UPS
SHP01447,Central,Central,2026-03-15,2026-03-21,,In Transit,FedEx
SHP01448,Central,West,2026-06-24,2026-06-27,2026-06-30,Delivered,UPS
SHP01449,Central,West,2026-05-18,2026-05-22,2026-05-24,Delivered,DHL
SHP01450,South,West,2026-01-09,2026-01-14,2026-01-16,Delivered,DHL
SHP01451,Central,North,2026-05-10,2026-05-15,2026-05-13,Delivered,DHL
SHP01452,South,South,2026-03-27,2026-04-02,2026-04-01,Delivered,UPS
SHP01453,Central,North,2026-04-09,2026-04-15,2026-04-16,Delivered,UPS
SHP01454,West,West,2026-04-03,2026-04-10,2026-04-08,Delivered,DHL
SHP01455,South,North,2026-04-17,2026-04-20,2026-04-18,Delivered,DHL
SHP01456,South,North,2026-06-17,2026-06-20,2026-06-22,Delivered,UPS
SHP01457,Central,Central,2026-04-17,2026-04-23,2026-04-22,Delivered,UPS
SHP01458,North,West,2026-01-22,2026-01-29,2026-01-30,Delivered,UPS
SHP01459,South,West,2026-03-13,2026-03-18,2026-03-20,Delivered,FedEx
SHP01460,South,West,2026-05-02,2026-05-10,2026-05-08,Delivered,DHL
SHP01461,West,Central,2026-01-02,2026-01-09,2026-01-10,Delivered,DHL
SHP01462,Central,East,2026-05-13,2026-05-16,,In Transit,UPS
SHP01463,North,North,2026-06-30,2026-07-06,2026-07-09,Delivered,UPS
SHP01464,North,South,2026-03-05,2026-03-09,2026-03-07,Delivered,FedEx
SHP01465,East,East,2026-01-03,2026-01-10,,Cancelled,DHL
SHP01466,North,East,2026-05-27,2026-06-03,2026-06-03,Delivered,FedEx
SHP01467,South,South,2026-05-31,2026-06-08,2026-06-07,Delivered,UPS
SHP01468,East,North,2026-01-27,2026-02-04,2026-02-02,Delivered,UPS
SHP01469,Central,Central,2026-02-26,2026-03-05,2026-03-04,Delivered,FedEx
SHP01470,West,West,2026-04-19,2026-04-24,2026-04-24,Delivered,UPS
SHP01471,North,East,2026-04-19,2026-04-26,2026-04-26,Delivered,DHL
SHP01472,South,North,2026-04-16,2026-04-22,2026-04-22,Delivered,UPS
SHP01473,East,North,2026-03-07,2026-03-13,2026-03-15,Delivered,UPS
SHP01474,West,South,2026-04-28,2026-05-01,2026-05-04,Delivered,UPS
SHP01475,East,South,2026-03-19,2026-03-25,2026-03-26,Delivered,DHL
SHP01476,South,Central,2026-03-28,2026-04-03,,In Transit,FedEx
SHP01477,North,South,2026-02-18,2026-02-21,2026-02-23,Delivered,UPS
SHP01478,West,East,2026-02-06,2026-02-14,2026-02-14,Delivered,FedEx
SHP01479,South,East,2026-03-02,2026-03-05,,In Transit,FedEx
SHP01480,East,West,2026-06-01,2026-06-09,2026-06-09,Delivered,FedEx
SHP01481,South,East,2026-05-24,2026-05-29,,In Transit,UPS
SHP01482,South,South,2026-01-05,2026-01-08,,In Transit,FedEx
SHP01483,West,East,2026-01-10,2026-01-13,,Delayed,UPS
SHP01484,South,West,2026-01-04,2026-01-11,2026-01-12,Delivered,DHL
SHP01485,Central,North,2026-01-27,2026-02-04,,In Transit,FedEx
SHP01486,South,South,2026-02-25,2026-03-01,2026-03-01,Delivered,UPS
SHP01487,Central,West,2026-01-08,2026-01-13,2026-01-13,Delivered,DHL
SHP01488,Central,East,2026-05-03,2026-05-07,2026-05-09,Delivered,UPS
SHP01489,West,East,2026-01-14,2026-01-17,2026-01-17,Delivered,UPS
SHP01490,West,West,2026-01-05,2026-01-10,2026-01-11,Delivered,UPS
SHP01491,South,South,2026-03-28,2026-04-02,,In Transit,UPS
SHP01492,North,Central,2026-05-01,2026-05-06,2026-05-06,Delivered,UPS
SHP01493,North,West,2026-02-17,2026-02-24,2026-02-27,Delivered,DHL
SHP01494,North,South,2026-05-07,2026-05-13,2026-05-14,Delivered,UPS
SHP01495,Central,South,2026-03-18,2026-03-24,2026-03-22,Delivered,UPS
SHP01496,South,East,2026-02-03,2026-02-07,2026-02-08,Delivered,DHL
SHP01497,East,South,2026-06-19,2026-06-25,2026-06-24,Delivered,DHL
SHP01498,North,South,2026-01-31,2026-02-06,2026-02-05,Delivered,FedEx
SHP01499,East,West,2026-01-02,2026-01-09,2026-01-12,Delivered,DHL
SHP01500,South,Central,2026-06-30,2026-07-06,2026-07-07,Delivered,UPS
SHP01501,North,East,2026-04-06,2026-04-14,2026-04-13,Delivered,UPS
SHP01502,West,East,2026-05-15,2026-05-21,2026-05-19,Delivered,FedEx
SHP01503,Central,South,2026-02-17,2026-02-25,2026-02-23,Delivered,FedEx
SHP01504,South,East,2026-02-12,2026-02-17,,In Transit,FedEx
SHP01505,East,Central,2026-06-21,2026-06-29,2026-07-01,Delivered,FedEx
SHP01506,North,South,2026-01-03,2026-01-07,,Delayed,DHL
SHP01507,West,East,2026-01-25,2026-02-02,2026-02-03,Delivered,FedEx
SHP01508,East,South,2026-01-20,2026-01-23,,In Transit,FedEx
SHP01509,Central,Central,2026-01-13,2026-01-16,,Delayed,UPS
SHP01510,Central,Central,2026-05-31,2026-06-07,2026-06-10,Delivered,DHL
SHP01511,West,North,2026-03-27,2026-04-04,2026-04-05,Delivered,FedEx
SHP01512,West,East,2026-03-21,2026-03-29,,Delayed,UPS
SHP01513,North,Central,2026-06-06,2026-06-11,,In Transit,FedEx
SHP01514,South,South,2026-04-25,2026-05-01,2026-04-30,Delivered,UPS
SHP01515,South,East,2026-04-05,2026-04-10,2026-04-13,Delivered,FedEx
SHP01516,Central,Central,2026-03-15,2026-03-18,2026-03-17,Delivered,FedEx
SHP01517,Central,South,2026-04-23,2026-04-28,2026-04-29,Delivered,FedEx
SHP01518,East,Central,2026-04-19,2026-04-27,,In Transit,DHL
SHP01519,Central,East,2026-01-15,2026-01-18,2026-01-16,Delivered,UPS
SHP01520,North,North,2026-06-07,2026-06-11,2026-06-12,Delivered,DHL
SHP01521,West,Central,2026-05-02,2026-05-10,2026-05-12,Delivered,UPS
SHP01522,East,East,2026-05-19,2026-05-24,2026-05-24,Delivered,UPS
SHP01523,Central,North,2026-04-26,2026-05-04,2026-05-06,Delivered,DHL
SHP01524,West,West,2026-01-02,2026-01-10,2026-01-13,Delivered,DHL
SHP01525,East,South,2026-06-12,2026-06-15,,In Transit,DHL
SHP01526,North,East,2026-01-22,2026-01-28,2026-01-31,Delivered,UPS
SHP01527,West,Central,2026-03-08,2026-03-13,2026-03-12,Delivered,FedEx
SHP01528,East,East,2026-04-10,2026-04-16,2026-04-15,Delivered,DHL
SHP01529,East,East,2026-01-04,2026-01-10,2026-01-11,Delivered,UPS
SHP01530,Central,West,2026-06-09,2026-06-16,2026-06-19,Delivered,UPS
SHP01531,Central,North,2026-04-29,2026-05-03,2026-05-04,Delivered,DHL
SHP01532,East,South,2026-02-17,2026-02-25,,Delayed,FedEx
SHP01533,North,South,2026-05-05,2026-05-12,,Delayed,FedEx
SHP01534,Central,Central,2026-02-18,2026-02-23,,Delayed,FedEx
SHP01535,West,West,2026-05-17,2026-05-24,,In Transit,FedEx
SHP01536,West,Central,2026-05-18,2026-05-25,2026-05-25,Delivered,FedEx
SHP01537,South,West,2026-01-13,2026-01-19,,In Transit,FedEx
SHP01538,South,East,2026-06-18,2026-06-21,2026-06-24,Delivered,UPS
SHP01539,East,West,2026-01-29,2026-02-04,2026-02-04,Delivered,DHL
SHP01540,East,South,2026-02-24,2026-03-04,2026-03-06,Delivered,UPS
SHP01541,West,West,2026-04-29,2026-05-03,,In Transit,FedEx
SHP01542,West,North,2026-04-10,2026-04-18,2026-04-21,Delivered,FedEx
SHP01543,South,North,2026-04-18,2026-04-22,,In Transit,UPS
SHP01544,West,West,2026-04-24,2026-04-30,2026-04-30,Delivered,FedEx
SHP01545,Central,South,2026-01-22,2026-01-26,,In Transit,DHL
SHP01546,South,East,2026-01-11,2026-01-17,2026-01-20,Delivered,FedEx
SHP01547,North,Central,2026-03-16,2026-03-24,,Delayed,UPS
SHP01548,West,West,2026-03-17,2026-03-24,2026-03-27,Delivered,UPS
SHP01549,North,Central,2026-06-16,2026-06-22,2026-06-25,Delivered,FedEx
SHP01550,Central,North,2026-01-19,2026-01-23,2026-01-22,Delivered,DHL
SHP01551,Central,South,2026-04-03,2026-04-06,2026-04-09,Delivered,UPS
SHP01552,East,North,2026-03-18,2026-03-26,2026-03-29,Delivered,DHL
SHP01553,West,Central,2026-03-27,2026-04-03,,In Transit,FedEx
SHP01554,South,South,2026-03-26,2026-04-03,,Delayed,DHL
SHP01555,Central,East,2026-05-08,2026-05-13,2026-05-16,Delivered,DHL
SHP01556,East,Central,2026-02-15,2026-02-21,,Delayed,FedEx
SHP01557,North,East,2026-02-23,2026-02-28,2026-03-01,Delivered,DHL
SHP01558,North,North,2026-02-10,2026-02-15,,Cancelled,DHL
SHP01559,West,West,2026-01-06,2026-01-12,,Cancelled,UPS
SHP01560,East,North,2026-01-30,2026-02-04,2026-02-02,Delivered,UPS
SHP01561,South,North,2026-03-05,2026-03-09,2026-03-07,Delivered,UPS
SHP01562,East,North,2026-04-18,2026-04-22,,In Transit,FedEx
SHP01563,Central,Central,2026-04-12,2026-04-20,2026-04-22,Delivered,FedEx
SHP01564,North,Central,2026-04-20,2026-04-24,2026-04-27,Delivered,UPS
SHP01565,East,West,2026-01-18,2026-01-24,2026-01-27,Delivered,DHL
SHP01566,Central,West,2026-06-26,2026-07-03,2026-07-03,Delivered,FedEx
SHP01567,East,Central,2026-03-27,2026-04-03,2026-04-02,Delivered,DHL
SHP01568,South,Central,2026-01-11,2026-01-15,,Delayed,FedEx
SHP01569,West,South,2026-04-23,2026-04-28,2026-05-01,Delivered,DHL
SHP01570,North,North,2026-02-20,2026-02-26,2026-02-26,Delivered,UPS
SHP01571,South,West,2026-06-02,2026-06-06,2026-06-04,Delivered,DHL
SHP01572,North,South,2026-04-29,2026-05-04,,In Transit,DHL
SHP01573,Central,East,2026-04-16,2026-04-23,2026-04-24,Delivered,UPS
SHP01574,Central,North,2026-04-21,2026-04-25,2026-04-27,Delivered,FedEx
SHP01575,South,North,2026-03-22,2026-03-30,,In Transit,FedEx
SHP01576,East,North,2026-04-14,2026-04-19,2026-04-21,Delivered,FedEx
SHP01577,South,East,2026-02-27,2026-03-02,2026-03-03,Delivered,DHL
SHP01578,East,Central,2026-02-25,2026-03-04,2026-03-05,Delivered,FedEx
SHP01579,East,West,2026-01-25,2026-01-28,,In Transit,FedEx
SHP01580,North,South,2026-01-04,2026-01-07,2026-01-06,Delivered,UPS
SHP01581,East,West,2026-01-12,2026-01-15,2026-01-18,Delivered,DHL
SHP01582,West,Central,2026-06-18,2026-06-25,2026-06-25,Delivered,DHL
SHP01583,West,West,2026-02-10,2026-02-14,2026-02-17,Delivered,FedEx
SHP01584,West,Central,2026-06-05,2026-06-13,,In Transit,UPS
SHP01585,South,South,2026-04-01,2026-04-04,2026-04-03,Delivered,UPS
SHP01586,North,East,2026-04-15,2026-04-18,,Delayed,UPS
SHP01587,South,Central,2026-06-13,2026-06-17,,In Transit,FedEx
SHP01588,North,West,2026-02-22,2026-02-25,2026-02-23,Delivered,UPS
SHP01589,East,South,2026-03-03,2026-03-10,,Delayed,DHL
SHP01590,West,West,2026-04-17,2026-04-24,2026-04-26,Delivered,DHL
SHP01591,South,East,2026-06-18,2026-06-24,2026-06-22,Delivered,DHL
SHP01592,East,East,2026-03-07,2026-03-14,,Delayed,FedEx
SHP01593,South,North,2026-03-28,2026-03-31,2026-04-03,Delivered,UPS
SHP01594,Central,East,2026-04-18,2026-04-26,2026-04-28,Delivered,UPS
SHP01595,South,Central,2026-03-02,2026-03-05,2026-03-06,Delivered,UPS
SHP01596,Central,North,2026-05-19,2026-05-26,2026-05-25,Delivered,UPS
SHP01597,West,North,2026-02-24,2026-03-01,2026-03-02,Delivered,UPS
SHP01598,North,Central,2026-02-11,2026-02-19,,Delayed,FedEx
SHP01599,South,East,2026-01-28,2026-02-04,2026-02-05,Delivered,FedEx
SHP01600,West,East,2026-01-18,2026-01-24,2026-01-25,Delivered,DHL
SHP01601,North,Central,2026-01-05,2026-01-12,2026-01-15,Delivered,DHL
SHP01602,North,East,2026-05-05,2026-05-10,2026-05-12,Delivered,DHL
SHP01603,North,East,2026-06-30,2026-07-06,2026-07-09,Delivered,UPS
SHP01604,West,West,2026-01-31,2026-02-04,,Delayed,FedEx
SHP01605,North,West,2026-02-15,2026-02-20,2026-02-21,Delivered,DHL
SHP01606,North,South,2026-05-29,2026-06-02,2026-06-03,Delivered,UPS
SHP01607,Central,South,2026-06-02,2026-06-09,,Delayed,DHL
SHP01608,North,South,2026-06-14,2026-06-21,,In Transit,DHL
SHP01609,South,East,2026-04-18,2026-04-24,2026-04-23,Delivered,FedEx
SHP01610,East,Central,2026-05-26,2026-06-02,,In Transit,UPS
SHP01611,North,North,2026-05-13,2026-05-20,,Delayed,DHL
SHP01612,Central,West,2026-03-29,2026-04-02,2026-04-01,Delivered,DHL
SHP01613,West,North,2026-04-30,2026-05-04,,In Transit,UPS
SHP01614,Central,North,2026-03-15,2026-03-19,2026-03-18,Delivered,UPS
SHP01615,North,Central,2026-03-30,2026-04-05,2026-04-06,Delivered,FedEx
SHP01616,North,North,2026-02-24,2026-03-04,2026-03-07,Delivered,FedEx
SHP01617,West,East,2026-01-31,2026-02-05,2026-02-04,Delivered,FedEx
SHP01618,South,North,2026-05-01,2026-05-08,2026-05-09,Delivered,UPS
SHP01619,Central,Central,2026-05-20,2026-05-26,2026-05-27,Delivered,DHL
SHP01620,South,West,2026-04-20,2026-04-26,2026-04-27,Delivered,UPS
SHP01621,South,South,2026-06-18,2026-06-22,2026-06-20,Delivered,DHL
SHP01622,North,East,2026-02-05,2026-02-11,2026-02-13,Delivered,DHL
SHP01623,North,South,2026-02-10,2026-02-18,2026-02-16,Delivered,FedEx
SHP01624,East,North,2026-06-12,2026-06-16,2026-06-17,Delivered,UPS
SHP01625,Central,West,2026-05-19,2026-05-25,2026-05-24,Delivered,UPS
SHP01626,East,North,2026-04-30,2026-05-07,2026-05-06,Delivered,FedEx
SHP01627,North,East,2026-04-26,2026-05-01,2026-05-04,Delivered,UPS
SHP01628,Central,North,2026-05-21,2026-05-29,,In Transit,DHL
SHP01629,South,North,2026-03-31,2026-04-07,,Delayed,UPS
SHP01630,East,North,2026-03-18,2026-03-23,,In Transit,FedEx
SHP01631,South,South,2026-05-02,2026-05-06,2026-05-09,Delivered,UPS
SHP01632,South,West,2026-03-03,2026-03-07,2026-03-09,Delivered,UPS
SHP01633,Central,East,2026-04-19,2026-04-25,2026-04-25,Delivered,FedEx
SHP01634,West,West,2026-01-29,2026-02-03,2026-02-06,Delivered,DHL
SHP01635,East,West,2026-01-27,2026-02-03,2026-02-06,Delivered,DHL
SHP01636,South,North,2026-05-08,2026-05-13,2026-05-15,Delivered,FedEx
SHP01637,North,West,2026-06-22,2026-06-30,2026-07-02,Delivered,UPS
SHP01638,South,West,2026-05-09,2026-05-15,,In Transit,DHL
SHP01639,West,West,2026-03-19,2026-03-25,2026-03-28,Delivered,FedEx
SHP01640,North,East,2026-01-08,2026-01-12,2026-01-13,Delivered,UPS
SHP01641,North,North,2026-01-17,2026-01-21,2026-01-21,Delivered,DHL
SHP01642,East,South,2026-04-14,2026-04-18,2026-04-18,Delivered,UPS
SHP01643,South,South,2026-06-15,2026-06-22,2026-06-22,Delivered,UPS
SHP01644,East,East,2026-01-14,2026-01-21,2026-01-21,Delivered,UPS
SHP01645,South,West,2026-06-24,2026-06-30,,Delayed,DHL
SHP01646,East,North,2026-02-04,2026-02-09,2026-02-09,Delivered,UPS
SHP01647,South,North,2026-05-30,2026-06-02,2026-05-31,Delivered,DHL
SHP01648,West,West,2026-05-03,2026-05-08,2026-05-08,Delivered,UPS
SHP01649,Central,West,2026-01-31,2026-02-04,2026-02-02,Delivered,UPS
SHP01650,West,West,2026-02-20,2026-02-24,,Delayed,DHL
SHP01651,North,Central,2026-01-11,2026-01-19,2026-01-19,Delivered,FedEx
SHP01652,West,Central,2026-02-15,2026-02-18,,Cancelled,DHL
SHP01653,East,Central,2026-02-01,2026-02-06,2026-02-07,Delivered,UPS
SHP01654,West,West,2026-01-26,2026-01-30,,In Transit,FedEx
SHP01655,South,East,2026-01-08,2026-01-11,2026-01-14,Delivered,FedEx
SHP01656,West,North,2026-04-17,2026-04-22,,In Transit,FedEx
SHP01657,North,West,2026-04-05,2026-04-10,2026-04-09,Delivered,UPS
SHP01658,West,South,2026-06-30,2026-07-08,,Cancelled,UPS
SHP01659,West,Central,2026-06-26,2026-07-02,,In Transit,UPS
SHP01660,Central,North,2026-04-22,2026-04-30,2026-05-02,Delivered,DHL
SHP01661,South,Central,2026-06-25,2026-07-03,2026-07-06,Delivered,UPS
SHP01662,East,East,2026-02-25,2026-03-01,2026-03-03,Delivered,FedEx
SHP01663,East,North,2026-01-26,2026-02-02,,Delayed,FedEx
SHP01664,North,South,2026-02-08,2026-02-15,,In Transit,DHL
SHP01665,South,West,2026-04-25,2026-04-29,2026-04-29,Delivered,UPS
SHP01666,West,North,2026-05-28,2026-06-05,2026-06-07,Delivered,FedEx
SHP01667,West,Central,2026-02-27,2026-03-06,2026-03-07,Delivered,FedEx
SHP01668,North,South,2026-06-27,2026-07-02,,In Transit,FedEx
SHP01669,Central,West,2026-05-19,2026-05-25,2026-05-25,Delivered,FedEx
SHP01670,West,East,2026-05-30,2026-06-03,2026-06-04,Delivered,UPS
SHP01671,West,Central,2026-05-20,2026-05-27,,Delayed,DHL
SHP01672,Central,South,2026-03-01,2026-03-04,2026-03-03,Delivered,DHL
SHP01673,North,East,2026-04-01,2026-04-06,,Delayed,UPS
SHP01674,South,South,2026-02-01,2026-02-09,2026-02-07,Delivered,UPS
SHP01675,Central,West,2026-05-24,2026-05-29,,Delayed,DHL
SHP01676,West,North,2026-06-26,2026-06-29,,Delayed,UPS
SHP01677,West,South,2026-06-15,2026-06-18,2026-06-19,Delivered,DHL
SHP01678,Central,East,2026-06-14,2026-06-21,,In Transit,UPS
SHP01679,South,East,2026-03-03,2026-03-11,2026-03-14,Delivered,DHL
SHP01680,Central,Central,2026-06-11,2026-06-15,2026-06-17,Delivered,FedEx
SHP01681,South,West,2026-04-14,2026-04-21,2026-04-23,Delivered,DHL
SHP01682,East,South,2026-04-18,2026-04-23,,In Transit,FedEx
SHP01683,Central,North,2026-01-11,2026-01-17,2026-01-17,Delivered,FedEx
SHP01684,West,North,2026-06-23,2026-06-28,,Delayed,DHL
SHP01685,Central,South,2026-01-28,2026-02-04,2026-02-04,Delivered,FedEx
SHP01686,North,East,2026-04-09,2026-04-13,,Delayed,FedEx
SHP01687,East,Central,2026-01-16,2026-01-24,,In Transit,FedEx
SHP01688,Central,North,2026-06-07,2026-06-14,,In Transit,UPS
SHP01689,East,South,2026-05-15,2026-05-22,2026-05-24,Delivered,DHL
SHP01690,South,Central,2026-05-16,2026-05-20,,Cancelled,UPS
SHP01691,North,South,2026-01-19,2026-01-27,2026-01-25,Delivered,UPS
SHP01692,Central,East,2026-01-17,2026-01-20,,Cancelled,UPS
SHP01693,East,East,2026-05-20,2026-05-23,,In Transit,FedEx
SHP01694,South,South,2026-03-08,2026-03-16,2026-03-16,Delivered,UPS
SHP01695,West,North,2026-01-24,2026-01-28,2026-01-28,Delivered,FedEx
SHP01696,South,Central,2026-03-02,2026-03-06,2026-03-08,Delivered,UPS
SHP01697,South,South,2026-01-14,2026-01-20,2026-01-23,Delivered,UPS
SHP01698,West,East,2026-01-01,2026-01-08,2026-01-10,Delivered,FedEx
SHP01699,Central,Central,2026-02-09,2026-02-17,2026-02-15,Delivered,UPS
SHP01700,East,South,2026-05-12,2026-05-16,,Delayed,UPS
SHP01701,North,South,2026-06-13,2026-06-21,,In Transit,UPS
SHP01702,East,East,2026-01-08,2026-01-16,2026-01-18,Delivered,DHL
SHP01703,West,West,2026-04-26,2026-04-30,2026-04-29,Delivered,FedEx
SHP01704,Central,South,2026-06-28,2026-07-03,2026-07-01,Delivered,FedEx
SHP01705,East,West,2026-06-02,2026-06-07,,In Transit,FedEx
SHP01706,South,West,2026-02-16,2026-02-23,,Cancelled,FedEx
SHP01707,East,Central,2026-02-16,2026-02-21,2026-02-20,Delivered,FedEx
SHP01708,West,North,2026-05-24,2026-05-29,2026-05-31,Delivered,UPS
SHP01709,East,West,2026-02-02,2026-02-07,,In Transit,DHL
SHP01710,West,South,2026-03-09,2026-03-12,2026-03-12,Delivered,UPS
SHP01711,North,North,2026-05-14,2026-05-22,2026-05-20,Delivered,UPS
SHP01712,Central,West,2026-06-13,2026-06-19,2026-06-22,Delivered,UPS
SHP01713,North,South,2026-01-08,2026-01-13,2026-01-12,Delivered,UPS
SHP01714,East,North,2026-03-09,2026-03-14,2026-03-12,Delivered,DHL
SHP01715,Central,East,2026-04-25,2026-05-03,2026-05-05,Delivered,FedEx
SHP01716,West,North,2026-02-23,2026-02-26,,In Transit,DHL
SHP01717,West,Central,2026-01-26,2026-01-29,2026-01-27,Delivered,DHL
SHP01718,North,West,2026-04-12,2026-04-18,2026-04-20,Delivered,UPS
SHP01719,West,North,2026-03-22,2026-03-28,,Cancelled,FedEx
SHP01720,Central,West,2026-06-26,2026-07-01,2026-06-29,Delivered,FedEx
SHP01721,Central,Central,2026-06-26,2026-06-29,2026-06-27,Delivered,UPS
SHP01722,West,West,2026-04-04,2026-04-08,2026-04-08,Delivered,UPS
SHP01723,Central,Central,2026-02-21,2026-02-27,,In Transit,FedEx
SHP01724,Central,East,2026-05-10,2026-05-18,2026-05-18,Delivered,UPS
SHP01725,West,East,2026-03-21,2026-03-27,2026-03-25,Delivered,FedEx
SHP01726,North,North,2026-03-15,2026-03-23,,Delayed,DHL
SHP01727,Central,West,2026-03-21,2026-03-29,,Delayed,UPS
SHP01728,East,Central,2026-01-01,2026-01-04,2026-01-02,Delivered,DHL
SHP01729,Central,East,2026-05-30,2026-06-05,2026-06-03,Delivered,UPS
SHP01730,Central,Central,2026-03-16,2026-03-20,,In Transit,FedEx
SHP01731,South,East,2026-02-26,2026-03-03,2026-03-06,Delivered,DHL
SHP01732,South,Central,2026-06-10,2026-06-17,2026-06-20,Delivered,UPS
SHP01733,West,South,2026-02-03,2026-02-08,2026-02-06,Delivered,DHL
SHP01734,Central,Central,2026-05-28,2026-05-31,2026-05-29,Delivered,UPS
SHP01735,Central,South,2026-04-22,2026-04-26,2026-04-24,Delivered,UPS
SHP01736,East,Central,2026-01-26,2026-01-31,2026-02-01,Delivered,UPS
SHP01737,Central,South,2026-06-17,2026-06-23,,Delayed,UPS
SHP01738,West,Central,2026-06-10,2026-06-15,2026-06-16,Delivered,DHL
SHP01739,South,West,2026-01-24,2026-01-31,,In Transit,FedEx
SHP01740,East,Central,2026-04-09,2026-04-13,,In Transit,UPS
SHP01741,West,North,2026-04-26,2026-05-02,,Delayed,DHL
SHP01742,Central,South,2026-01-02,2026-01-05,2026-01-03,Delivered,FedEx
SHP01743,East,Central,2026-03-17,2026-03-23,2026-03-23,Delivered,UPS
SHP01744,East,West,2026-04-24,2026-04-27,2026-04-27,Delivered,UPS
SHP01745,East,North,2026-01-18,2026-01-25,2026-01-27,Delivered,UPS
SHP01746,South,West,2026-04-19,2026-04-25,2026-04-28,Delivered,DHL
SHP01747,East,West,2026-03-11,2026-03-14,2026-03-16,Delivered,FedEx
SHP01748,West,West,2026-05-21,2026-05-28,2026-05-28,Delivered,DHL
SHP01749,East,Central,2026-03-15,2026-03-19,,In Transit,UPS
SHP01750,North,East,2026-05-23,2026-05-26,2026-05-24,Delivered,FedEx
SHP01751,South,North,2026-05-25,2026-05-31,2026-06-02,Delivered,UPS
SHP01752,South,East,2026-02-25,2026-02-28,,Delayed,UPS
SHP01753,Central,Central,2026-01-31,2026-02-03,2026-02-02,Delivered,UPS
SHP01754,East,West,2026-02-20,2026-02-26,,In Transit,FedEx
SHP01755,East,East,2026-04-26,2026-05-04,2026-05-07,Delivered,FedEx
SHP01756,South,North,2026-06-28,2026-07-05,2026-07-07,Delivered,UPS
SHP01757,East,East,2026-02-11,2026-02-19,2026-02-20,Delivered,FedEx
SHP01758,South,South,2026-01-26,2026-01-30,2026-01-30,Delivered,DHL
SHP01759,North,East,2026-03-09,2026-03-14,2026-03-15,Delivered,DHL
SHP01760,West,East,2026-01-25,2026-01-28,2026-01-31,Delivered,FedEx
SHP01761,Central,Central,2026-01-25,2026-01-31,2026-02-02,Delivered,DHL
SHP01762,North,West,2026-06-26,2026-07-04,,Cancelled,DHL
SHP01763,East,West,2026-01-08,2026-01-16,2026-01-17,Delivered,DHL
SHP01764,Central,West,2026-05-26,2026-06-03,2026-06-05,Delivered,UPS
SHP01765,Central,West,2026-06-11,2026-06-17,,In Transit,UPS
SHP01766,Central,West,2026-01-18,2026-01-26,,In Transit,FedEx
SHP01767,South,North,2026-02-17,2026-02-25,2026-02-27,Delivered,DHL
SHP01768,East,Central,2026-02-13,2026-02-19,2026-02-22,Delivered,DHL
SHP01769,East,East,2026-01-03,2026-01-07,2026-01-06,Delivered,FedEx
SHP01770,East,Central,2026-03-09,2026-03-13,,In Transit,FedEx
SHP01771,Central,North,2026-05-26,2026-06-03,,Delayed,DHL
SHP01772,North,Central,2026-01-28,2026-02-02,,Delayed,DHL
SHP01773,North,East,2026-02-18,2026-02-25,,Delayed,UPS
SHP01774,North,South,2026-04-26,2026-05-02,,Delayed,FedEx
SHP01775,North,West,2026-03-05,2026-03-13,2026-03-11,Delivered,DHL
SHP01776,Central,Central,2026-04-29,2026-05-05,2026-05-06,Delivered,FedEx
SHP01777,North,East,2026-04-14,2026-04-19,2026-04-22,Delivered,DHL
SHP01778,West,Central,2026-06-04,2026-06-10,,Delayed,DHL
SHP01779,East,Central,2026-05-11,2026-05-19,2026-05-22,Delivered,FedEx
SHP01780,East,South,2026-04-13,2026-04-21,2026-04-21,Delivered,DHL
SHP01781,South,South,2026-02-24,2026-03-01,2026-03-01,Delivered,FedEx
SHP01782,East,South,2026-02-19,2026-02-23,2026-02-23,Delivered,UPS
SHP01783,Central,Central,2026-03-25,2026-03-28,2026-03-30,Delivered,DHL
SHP01784,Central,North,2026-03-26,2026-04-02,2026-04-01,Delivered,UPS
SHP01785,North,West,2026-02-07,2026-02-12,,Delayed,FedEx
SHP01786,South,North,2026-02-16,2026-02-22,,Cancelled,DHL
SHP01787,North,South,2026-06-18,2026-06-26,,Delayed,DHL
SHP01788,West,Central,2026-04-09,2026-04-13,2026-04-12,Delivered,DHL
SHP01789,North,Central,2026-01-31,2026-02-08,2026-02-10,Delivered,DHL
SHP01790,South,West,2026-02-07,2026-02-12,2026-02-15,Delivered,FedEx
SHP01791,South,West,2026-05-11,2026-05-19,,Delayed,DHL
SHP01792,West,North,2026-03-03,2026-03-06,,In Transit,FedEx
SHP01793,West,East,2026-01-03,2026-01-10,2026-01-11,Delivered,FedEx
SHP01794,East,West,2026-06-19,2026-06-27,2026-06-30,Delivered,FedEx
SHP01795,East,East,2026-03-24,2026-03-30,2026-04-02,Delivered,UPS
SHP01796,West,North,2026-01-21,2026-01-27,2026-01-26,Delivered,DHL
SHP01797,East,West,2026-03-17,2026-03-25,2026-03-25,Delivered,FedEx
SHP01798,North,East,2026-04-07,2026-04-11,2026-04-10,Delivered,DHL
SHP01799,North,East,2026-05-30,2026-06-06,2026-06-07,Delivered,UPS
SHP01800,North,West,2026-04-26,2026-05-04,,In Transit,DHL
SHP01801,East,North,2026-04-26,2026-05-04,2026-05-06,Delivered,DHL
SHP01802,West,Central,2026-01-25,2026-01-29,2026-02-01,Delivered,FedEx
SHP01803,East,South,2026-06-19,2026-06-24,2026-06-27,Delivered,DHL
SHP01804,East,East,2026-03-30,2026-04-07,,In Transit,FedEx
SHP01805,South,South,2026-01-23,2026-01-26,2026-01-25,Delivered,FedEx
SHP01806,Central,West,2026-05-19,2026-05-22,2026-05-23,Delivered,FedEx
SHP01807,West,East,2026-02-27,2026-03-02,2026-03-01,Delivered,FedEx
SHP01808,North,Central,2026-04-13,2026-04-16,2026-04-18,Delivered,DHL
SHP01809,Central,North,2026-01-26,2026-02-02,,In Transit,DHL
SHP01810,North,South,2026-04-08,2026-04-12,2026-04-13,Delivered,DHL
SHP01811,West,West,2026-01-13,2026-01-20,,Cancelled,DHL
SHP01812,South,West,2026-03-08,2026-03-15,2026-03-13,Delivered,DHL
SHP01813,West,Central,2026-02-21,2026-03-01,2026-03-04,Delivered,DHL
SHP01814,East,North,2026-02-02,2026-02-10,,In Transit,FedEx
SHP01815,North,South,2026-06-14,2026-06-20,2026-06-23,Delivered,FedEx
SHP01816,West,East,2026-05-18,2026-05-26,2026-05-27,Delivered,UPS
SHP01817,Central,East,2026-02-18,2026-02-23,,In Transit,UPS
SHP01818,West,North,2026-02-04,2026-02-09,2026-02-11,Delivered,FedEx
SHP01819,East,North,2026-05-01,2026-05-06,2026-05-04,Delivered,FedEx
SHP01820,Central,North,2026-01-26,2026-01-31,,In Transit,FedEx
SHP01821,North,South,2026-03-10,2026-03-15,2026-03-17,Delivered,FedEx
SHP01822,South,East,2026-03-01,2026-03-08,2026-03-10,Delivered,FedEx
SHP01823,South,Central,2026-02-17,2026-02-22,,In Transit,FedEx
SHP01824,North,North,2026-05-16,2026-05-20,2026-05-18,Delivered,FedEx
SHP01825,Central,Central,2026-01-26,2026-02-03,2026-02-05,Delivered,UPS
SHP01826,Central,Central,2026-03-07,2026-03-15,2026-03-17,Delivered,UPS
SHP01827,East,East,2026-04-05,2026-04-13,,Delayed,DHL
SHP01828,South,North,2026-01-26,2026-02-01,,Cancelled,DHL
SHP01829,North,Central,2026-04-14,2026-04-22,,Delayed,UPS
SHP01830,East,West,2026-04-18,2026-04-24,2026-04-22,Delivered,DHL
SHP01831,South,Central,2026-04-23,2026-04-28,2026-05-01,Delivered,UPS
SHP01832,North,South,2026-01-25,2026-02-01,2026-01-31,Delivered,UPS
SHP01833,Central,South,2026-04-04,2026-04-08,2026-04-11,Delivered,UPS
SHP01834,South,East,2026-01-07,2026-01-12,,Cancelled,FedEx
SHP01835,North,South,2026-04-13,2026-04-19,2026-04-19,Delivered,DHL
SHP01836,South,East,2026-05-17,2026-05-21,,Delayed,DHL
SHP01837,East,West,2026-01-30,2026-02-05,,Delayed,FedEx
SHP01838,North,West,2026-06-28,2026-07-06,2026-07-06,Delivered,DHL
SHP01839,North,East,2026-01-12,2026-01-20,2026-01-20,Delivered,FedEx
SHP01840,West,West,2026-01-18,2026-01-21,2026-01-20,Delivered,DHL
SHP01841,East,South,2026-03-16,2026-03-24,2026-03-22,Delivered,UPS
SHP01842,North,South,2026-03-12,2026-03-18,,In Transit,UPS
SHP01843,South,South,2026-03-16,2026-03-22,2026-03-21,Delivered,UPS
SHP01844,West,Central,2026-03-12,2026-03-16,2026-03-19,Delivered,UPS
SHP01845,West,North,2026-05-10,2026-05-17,2026-05-17,Delivered,DHL
SHP01846,Central,North,2026-02-27,2026-03-04,,In Transit,DHL
SHP01847,East,West,2026-06-28,2026-07-03,2026-07-05,Delivered,UPS
SHP01848,South,Central,2026-05-28,2026-06-03,2026-06-03,Delivered,FedEx
SHP01849,Central,West,2026-02-27,2026-03-07,2026-03-08,Delivered,FedEx
SHP01850,South,North,2026-02-24,2026-03-04,2026-03-06,Delivered,UPS
SHP01851,North,South,2026-04-16,2026-04-20,2026-04-21,Delivered,UPS
SHP01852,Central,East,2026-06-04,2026-06-08,2026-06-08,Delivered,FedEx
SHP01853,South,North,2026-05-18,2026-05-25,,In Transit,UPS
SHP01854,North,West,2026-02-02,2026-02-06,2026-02-08,Delivered,DHL
SHP01855,East,North,2026-01-10,2026-01-16,2026-01-16,Delivered,DHL
SHP01856,North,South,2026-06-22,2026-06-25,,Delayed,UPS
SHP01857,North,West,2026-02-15,2026-02-22,2026-02-25,Delivered,FedEx
SHP01858,South,North,2026-05-31,2026-06-05,,In Transit,DHL
SHP01859,Central,North,2026-06-05,2026-06-10,2026-06-10,Delivered,UPS
SHP01860,North,Central,2026-01-26,2026-01-30,,In Transit,FedEx
SHP01861,Central,East,2026-03-09,2026-03-17,2026-03-18,Delivered,UPS
SHP01862,West,Central,2026-02-04,2026-02-12,,Delayed,FedEx
SHP01863,East,Central,2026-06-02,2026-06-05,2026-06-08,Delivered,UPS
SHP01864,South,East,2026-06-14,2026-06-21,2026-06-23,Delivered,UPS
SHP01865,North,West,2026-01-12,2026-01-20,2026-01-20,Delivered,DHL
SHP01866,East,South,2026-02-09,2026-02-15,,In Transit,FedEx
SHP01867,South,South,2026-04-29,2026-05-06,,In Transit,FedEx
SHP01868,Central,South,2026-06-18,2026-06-23,2026-06-23,Delivered,FedEx
SHP01869,West,North,2026-03-27,2026-04-04,2026-04-03,Delivered,DHL
SHP01870,South,South,2026-03-07,2026-03-13,,Cancelled,FedEx
SHP01871,East,North,2026-03-03,2026-03-11,2026-03-12,Delivered,DHL
SHP01872,West,West,2026-03-02,2026-03-10,2026-03-08,Delivered,DHL
SHP01873,East,East,2026-05-17,2026-05-20,2026-05-19,Delivered,DHL
SHP01874,East,East,2026-05-06,2026-05-11,,Delayed,FedEx
SHP01875,Central,East,2026-01-24,2026-01-27,2026-01-30,Delivered,FedEx
SHP01876,Central,South,2026-04-19,2026-04-26,2026-04-27,Delivered,UPS
SHP01877,South,North,2026-05-03,2026-05-11,,Delayed,DHL
SHP01878,East,South,2026-03-29,2026-04-03,2026-04-01,Delivered,UPS
SHP01879,South,North,2026-02-25,2026-03-02,,In Transit,FedEx
SHP01880,North,West,2026-03-20,2026-03-24,2026-03-25,Delivered,UPS
SHP01881,East,North,2026-03-28,2026-03-31,2026-04-03,Delivered,UPS
SHP01882,East,South,2026-02-14,2026-02-22,,Delayed,UPS
SHP01883,West,Central,2026-04-02,2026-04-10,2026-04-09,Delivered,UPS
SHP01884,North,East,2026-04-23,2026-04-26,2026-04-26,Delivered,DHL
SHP01885,Central,North,2026-06-22,2026-06-25,,Cancelled,FedEx
SHP01886,East,South,2026-06-30,2026-07-08,2026-07-07,Delivered,UPS
SHP01887,South,East,2026-04-08,2026-04-16,,Delayed,UPS
SHP01888,South,Central,2026-01-10,2026-01-16,,Delayed,UPS
SHP01889,East,West,2026-02-11,2026-02-19,2026-02-21,Delivered,FedEx
SHP01890,Central,North,2026-06-21,2026-06-24,2026-06-25,Delivered,UPS
SHP01891,North,Central,2026-01-13,2026-01-21,,In Transit,UPS
SHP01892,East,North,2026-02-20,2026-02-23,,In Transit,UPS
SHP01893,West,West,2026-06-01,2026-06-06,2026-06-08,Delivered,UPS
SHP01894,East,South,2026-03-05,2026-03-11,2026-03-13,Delivered,FedEx
SHP01895,West,West,2026-03-12,2026-03-16,2026-03-17,Delivered,DHL
SHP01896,South,South,2026-02-07,2026-02-13,,Cancelled,FedEx
SHP01897,West,South,2026-03-05,2026-03-08,2026-03-06,Delivered,DHL
SHP01898,Central,Central,2026-05-14,2026-05-19,2026-05-21,Delivered,DHL
SHP01899,East,East,2026-01-13,2026-01-19,,Delayed,UPS
SHP01900,West,West,2026-04-16,2026-04-24,2026-04-25,Delivered,UPS
SHP01901,Central,Central,2026-03-09,2026-03-15,,Delayed,FedEx
SHP01902,Central,North,2026-02-08,2026-02-11,,In Transit,UPS
SHP01903,West,South,2026-02-02,2026-02-10,,In Transit,FedEx
SHP01904,South,South,2026-02-06,2026-02-09,,Delayed,FedEx
SHP01905,Central,West,2026-05-02,2026-05-08,2026-05-11,Delivered,DHL
SHP01906,West,North,2026-02-02,2026-02-08,2026-02-10,Delivered,DHL
SHP01907,North,North,2026-01-25,2026-01-29,2026-02-01,Delivered,UPS
SHP01908,West,Central,2026-03-25,2026-03-29,,Delayed,DHL
SHP01909,Central,Central,2026-05-27,2026-06-04,2026-06-03,Delivered,FedEx
SHP01910,West,Central,2026-02-17,2026-02-22,2026-02-20,Delivered,FedEx
SHP01911,West,South,2026-03-08,2026-03-12,,In Transit,DHL
SHP01912,South,North,2026-01-10,2026-01-14,2026-01-12,Delivered,DHL
SHP01913,West,North,2026-04-26,2026-04-29,,Delayed,FedEx
SHP01914,East,North,2026-04-12,2026-04-20,2026-04-23,Delivered,FedEx
SHP01915,North,East,2026-01-18,2026-01-24,2026-01-27,Delivered,FedEx
SHP01916,South,Central,2026-05-10,2026-05-15,2026-05-16,Delivered,DHL
SHP01917,West,East,2026-03-02,2026-03-07,2026-03-06,Delivered,UPS
SHP01918,North,North,2026-05-19,2026-05-23,2026-05-26,Delivered,UPS
SHP01919,Central,East,2026-06-24,2026-07-02,2026-07-01,Delivered,FedEx
SHP01920,West,Central,2026-05-11,2026-05-16,2026-05-19,Delivered,UPS
SHP01921,East,Central,2026-02-16,2026-02-21,2026-02-20,Delivered,FedEx
SHP01922,North,North,2026-05-23,2026-05-31,,Cancelled,UPS
SHP01923,East,West,2026-02-23,2026-03-01,2026-03-02,Delivered,FedEx
SHP01924,Central,North,2026-02-22,2026-03-02,2026-03-01,Delivered,DHL
SHP01925,North,Central,2026-03-31,2026-04-07,,Cancelled,DHL
SHP01926,North,North,2026-01-18,2026-01-21,,In Transit,DHL
SHP01927,North,South,2026-01-23,2026-01-29,,Cancelled,FedEx
SHP01928,West,North,2026-01-24,2026-02-01,2026-02-04,Delivered,UPS
SHP01929,West,South,2026-06-13,2026-06-16,2026-06-18,Delivered,DHL
SHP01930,Central,North,2026-01-15,2026-01-22,2026-01-22,Delivered,DHL
SHP01931,North,East,2026-02-19,2026-02-25,2026-02-23,Delivered,FedEx
SHP01932,West,South,2026-01-05,2026-01-08,2026-01-10,Delivered,DHL
SHP01933,South,Central,2026-01-03,2026-01-07,2026-01-10,Delivered,FedEx
SHP01934,West,Central,2026-04-15,2026-04-21,,Cancelled,DHL
SHP01935,North,North,2026-05-06,2026-05-12,,Delayed,UPS
SHP01936,West,South,2026-02-21,2026-03-01,,In Transit,UPS
SHP01937,South,East,2026-01-22,2026-01-25,2026-01-23,Delivered,FedEx
SHP01938,West,East,2026-04-28,2026-05-04,2026-05-05,Delivered,UPS
SHP01939,West,West,2026-03-24,2026-04-01,,Delayed,UPS
SHP01940,South,East,2026-03-18,2026-03-22,2026-03-20,Delivered,DHL
SHP01941,North,North,2026-05-06,2026-05-09,2026-05-09,Delivered,FedEx
SHP01942,South,North,2026-01-10,2026-01-14,2026-01-17,Delivered,UPS
SHP01943,East,East,2026-03-03,2026-03-06,2026-03-09,Delivered,FedEx
SHP01944,North,South,2026-01-05,2026-01-09,2026-01-12,Delivered,UPS
SHP01945,West,South,2026-06-20,2026-06-23,2026-06-21,Delivered,FedEx
SHP01946,East,East,2026-01-10,2026-01-15,2026-01-16,Delivered,FedEx
SHP01947,West,Central,2026-02-14,2026-02-18,2026-02-18,Delivered,FedEx
SHP01948,South,South,2026-05-22,2026-05-30,2026-05-29,Delivered,FedEx
SHP01949,Central,South,2026-02-02,2026-02-09,2026-02-07,Delivered,FedEx
SHP01950,Central,Central,2026-06-14,2026-06-19,,Cancelled,UPS
SHP01951,West,North,2026-02-24,2026-03-01,,In Transit,FedEx
SHP01952,South,South,2026-03-04,2026-03-08,2026-03-10,Delivered,UPS
SHP01953,Central,West,2026-03-31,2026-04-08,2026-04-08,Delivered,UPS
SHP01954,West,West,2026-01-12,2026-01-19,2026-01-20,Delivered,FedEx
SHP01955,East,North,2026-01-13,2026-01-18,2026-01-16,Delivered,DHL
SHP01956,North,Central,2026-03-31,2026-04-08,2026-04-11,Delivered,DHL
SHP01957,West,North,2026-02-06,2026-02-10,,In Transit,DHL
SHP01958,Central,South,2026-05-04,2026-05-07,2026-05-10,Delivered,FedEx
SHP01959,West,East,2026-03-28,2026-04-04,2026-04-05,Delivered,DHL
SHP01960,Central,North,2026-04-27,2026-04-30,2026-05-01,Delivered,FedEx
SHP01961,West,East,2026-02-12,2026-02-19,2026-02-19,Delivered,DHL
SHP01962,South,West,2026-03-12,2026-03-19,2026-03-20,Delivered,UPS
SHP01963,South,West,2026-02-08,2026-02-13,2026-02-11,Delivered,DHL
SHP01964,Central,South,2026-05-11,2026-05-18,,Delayed,FedEx
SHP01965,North,East,2026-02-15,2026-02-19,2026-02-17,Delivered,DHL
SHP01966,North,West,2026-03-15,2026-03-18,,In Transit,DHL
SHP01967,East,West,2026-02-12,2026-02-17,2026-02-18,Delivered,UPS
SHP01968,East,Central,2026-04-10,2026-04-17,2026-04-18,Delivered,DHL
SHP01969,South,West,2026-02-24,2026-02-28,,Delayed,UPS
SHP01970,South,West,2026-02-27,2026-03-02,2026-03-05,Delivered,DHL
SHP01971,Central,Central,2026-05-20,2026-05-24,,Delayed,UPS
SHP01972,Central,Central,2026-01-01,2026-01-09,2026-01-12,Delivered,UPS
SHP01973,East,West,2026-01-30,2026-02-06,2026-02-06,Delivered,FedEx
SHP01974,North,West,2026-06-07,2026-06-13,2026-06-12,Delivered,DHL
SHP01975,Central,North,2026-05-06,2026-05-11,2026-05-09,Delivered,DHL
SHP01976,North,North,2026-06-14,2026-06-19,2026-06-20,Delivered,UPS
SHP01977,Central,East,2026-02-13,2026-02-21,,Cancelled,DHL
SHP01978,East,East,2026-01-04,2026-01-11,,Delayed,UPS
SHP01979,East,South,2026-06-21,2026-06-25,,In Transit,FedEx
SHP01980,West,East,2026-03-05,2026-03-13,,Delayed,FedEx
SHP01981,North,South,2026-04-16,2026-04-20,2026-04-20,Delivered,FedEx
SHP01982,Central,West,2026-01-29,2026-02-05,2026-02-08,Delivered,UPS
SHP01983,Central,South,2026-06-16,2026-06-22,2026-06-20,Delivered,DHL
SHP01984,West,North,2026-05-14,2026-05-21,2026-05-23,Delivered,UPS
SHP01985,West,West,2026-04-21,2026-04-26,,In Transit,DHL
SHP01986,East,South,2026-03-13,2026-03-18,2026-03-19,Delivered,FedEx
SHP01987,South,South,2026-01-25,2026-01-30,2026-01-28,Delivered,UPS
SHP01988,East,South,2026-01-27,2026-02-04,2026-02-04,Delivered,DHL
SHP01989,Central,Central,2026-01-08,2026-01-13,2026-01-15,Delivered,UPS
SHP01990,West,Central,2026-02-17,2026-02-21,,In Transit,DHL
SHP01991,North,Central,2026-03-21,2026-03-25,2026-03-25,Delivered,DHL
SHP01992,South,East,2026-05-13,2026-05-19,,In Transit,FedEx
SHP01993,East,West,2026-03-20,2026-03-28,2026-03-31,Delivered,DHL
SHP01994,East,West,2026-03-11,2026-03-14,2026-03-15,Delivered,FedEx
SHP01995,South,East,2026-02-02,2026-02-07,,Delayed,DHL
SHP01996,Central,North,2026-03-08,2026-03-13,2026-03-11,Delivered,UPS
SHP01997,East,Central,2026-01-07,2026-01-15,2026-01-13,Delivered,UPS
SHP01998,South,Central,2026-06-19,2026-06-22,2026-06-23,Delivered,UPS
SHP01999,South,East,2026-04-14,2026-04-18,,Delayed,FedEx
SHP02000,Central,North,2026-03-10,2026-03-17,,Delayed,DHL
